PassengerId,Age,Pclass_1,Pclass_2,Pclass_3,Sex_female,Sex_male,SibSp_0,SibSp_1,SibSp_2,SibSp_3,SibSp_4,SibSp_5,SibSp_8,Parch_0,Parch_1,Parch_2,Parch_3,Parch_4,Parch_5,Parch_6,Embarked_C,Embarked_Q,Embarked_S,Fare_scaler,Title_Master,Title_Miss,Title_Mr,Title_Mrs,Title_Officer,Title_Royalty,age_scaler
1,22.0,0,0,1,0,1,0,1,0,0,0,0,0,1,0,0,0,0,0,0,0,0,1,-0.5024451714361923,0,0,1,0,0,0,-0.5582655824520522
2,38.0,1,0,0,1,0,0,1,0,0,0,0,0,1,0,0,0,0,0,0,1,0,0,0.7868452935884461,0,0,0,1,0,0,0.6026345756121214
3,26.0,0,0,1,1,0,1,0,0,0,0,0,0,1,0,0,0,0,0,0,0,0,1,-0.4888542575852486,0,1,0,0,0,0,-0.26804054293600876
4,35.0,1,0,0,1,0,0,1,0,0,0,0,0,1,0,0,0,0,0,0,0,0,1,0.4207302360686478,0,0,0,1,0,0,0.38496579597508884
5,35.0,0,0,1,0,1,1,0,0,0,0,0,0,1,0,0,0,0,0,0,0,0,1,-0.4863374216869257,0,0,1,0,0,0,0.38496579597508884
6,39.236291448482035,0,0,1,0,1,1,0,0,0,0,0,0,1,0,0,0,0,0,0,0,1,0,-0.47811642890864375,0,0,1,0,0,0,0.6923352592343827
7,54.0,1,0,0,0,1,1,0,0,0,0,0,0,1,0,0,0,0,0,0,0,0,1,0.395813560675251,0,0,1,0,0,0,1.763534733676295
8,2.0,0,0,1,0,1,0,0,0,1,0,0,0,0,1,0,0,0,0,0,0,0,1,-0.22408312108167944,1,0,0,0,0,0,-2.0093907800322692
9,27.0,0,0,1,1,0,1,0,0,0,0,0,0,0,0,1,0,0,0,0,0,0,1,-0.4242561406845337,0,0,0,1,0,0,-0.19548428305699794
10,14.0,0,1,0,1,0,0,1,0,0,0,0,0,1,0,0,0,0,0,0,1,0,0,-0.04295550208861426,0,0,0,1,0,0,-1.138715661484139
11,4.0,0,0,1,1,0,0,1,0,0,0,0,0,0,1,0,0,0,0,0,0,0,1,-0.312172377522981,0,1,0,0,0,0,-1.8642782602742474
12,58.0,1,0,0,1,0,1,0,0,0,0,0,0,1,0,0,0,0,0,0,0,0,1,-0.11384570873513637,0,1,0,0,0,0,2.0537597731923385
13,20.0,0,0,1,0,1,1,0,0,0,0,0,0,1,0,0,0,0,0,0,0,0,1,-0.4863374216869257,0,0,1,0,0,0,-0.7033781022100739
14,39.0,0,0,1,0,1,0,1,0,0,0,0,0,0,0,0,0,0,1,0,0,0,1,-0.01870931177853076,0,0,1,0,0,0,0.6751908354911322
15,14.0,0,0,1,1,0,1,0,0,0,0,0,0,1,0,0,0,0,0,0,0,0,1,-0.4902797934380587,0,1,0,0,0,0,-1.138715661484139
16,55.0,0,1,0,1,0,1,0,0,0,0,0,0,1,0,0,0,0,0,0,0,0,1,-0.3262666585535892,0,0,0,1,0,0,1.8360909935553058
17,2.0,0,0,1,0,1,0,0,0,0,1,0,0,0,1,0,0,0,0,0,0,1,0,-0.06199888922968463,1,0,0,0,0,0,-2.0093907800322692
18,31.562706900349554,0,1,0,0,1,1,0,0,0,0,0,0,1,0,0,0,0,0,0,0,0,1,-0.3866707201133388,0,0,1,0,0,0,0.1355686645565203
19,31.0,0,0,1,1,0,0,1,0,0,0,0,0,1,0,0,0,0,0,0,0,0,1,-0.2859972841804228,0,0,0,1,0,0,0.09474075645904545
20,31.5902299499112,0,0,1,1,0,1,0,0,0,0,0,0,1,0,0,0,0,0,0,1,0,0,-0.5029485386158568,0,0,0,1,0,0,0.13756563409317812
21,35.0,0,1,0,0,1,1,0,0,0,0,0,0,1,0,0,0,0,0,0,0,0,1,-0.12491978668775715,0,0,1,0,0,0,0.38496579597508884
22,34.0,0,1,0,0,1,1,0,0,0,0,0,0,1,0,0,0,0,0,0,0,0,1,-0.3866707201133388,0,0,1,0,0,0,0.31240953609607797
23,15.0,0,0,1,1,0,1,0,0,0,0,0,0,1,0,0,0,0,0,0,0,1,0,-0.4867562231804066,0,1,0,0,0,0,-1.0661594016051281
24,28.0,1,0,0,0,1,1,0,0,0,0,0,0,1,0,0,0,0,0,0,0,0,1,0.06635974158478332,0,0,1,0,0,0,-0.12292802317798708
25,8.0,0,0,1,1,0,0,0,0,1,0,0,0,0,1,0,0,0,0,0,0,0,1,-0.22408312108167944,0,1,0,0,0,0,-1.574053220758204
26,38.0,0,0,1,1,0,0,1,0,0,0,0,0,0,0,0,0,0,1,0,0,0,1,-0.016444159470040135,0,0,0,1,0,0,0.6026345756121214
27,32.3798061750749,0,0,1,0,1,1,0,0,0,0,0,0,1,0,0,0,0,0,0,1,0,0,-0.5029485386158568,0,0,1,0,0,0,0.19485433188044363
28,19.0,1,0,0,0,1,0,0,0,1,0,0,0,0,0,1,0,0,0,0,0,0,1,4.647001076532463,0,0,1,0,0,0,-0.7759343620890847
29,20.103578869047606,0,0,1,1,0,1,0,0,0,0,0,0,1,0,0,0,0,0,0,0,1,0,-0.48977642625839407,0,1,0,0,0,0,-0.6958628068694818
30,27.262214953420493,0,0,1,0,1,1,0,0,0,0,0,0,1,0,0,0,0,0,0,0,0,1,-0.4894421904510968,0,0,1,0,0,0,-0.17645894675245793
31,40.0,1,0,0,0,1,1,0,0,0,0,0,0,1,0,0,0,0,0,0,1,0,0,-0.09027201697708476,0,0,0,0,0,1,0.7477470953701431
32,23.9705,1,0,0,1,0,0,1,0,0,0,0,0,1,0,0,0,0,0,0,1,0,0,2.301728820789,0,0,0,1,0,0,-0.4152934723604612
33,22.316428670634913,0,0,1,1,0,1,0,0,0,0,0,0,1,0,0,0,0,0,0,0,1,0,-0.49237782784290063,0,1,0,0,0,0,-0.5353067015922954
34,66.0,0,1,0,0,1,1,0,0,0,0,0,0,1,0,0,0,0,0,0,0,0,1,-0.43700743807979686,0,0,1,0,0,0,2.6342098522244246
35,28.0,1,0,0,0,1,0,1,0,0,0,0,0,1,0,0,0,0,0,0,1,0,0,1.0060617003323709,0,0,1,0,0,0,-0.12292802317798708
36,42.0,1,0,0,0,1,0,1,0,0,0,0,0,1,0,0,0,0,0,0,0,0,1,0.39858208016340624,0,0,1,0,0,0,0.8928596151281648
37,24.825443107586917,0,0,1,0,1,1,0,0,0,0,0,0,1,0,0,0,0,0,0,1,0,0,-0.5028639729296732,0,0,1,0,0,0,-0.3532619980646158
38,21.0,0,0,1,0,1,1,0,0,0,0,0,0,1,0,0,0,0,0,0,0,0,1,-0.4863374216869257,0,0,1,0,0,0,-0.630821842331063
39,18.0,0,0,1,1,0,0,0,1,0,0,0,0,1,0,0,0,0,0,0,0,0,1,-0.2859972841804228,0,1,0,0,0,0,-0.8484906219680955
40,14.0,0,0,1,1,0,0,1,0,0,0,0,0,1,0,0,0,0,0,0,1,0,0,-0.42207354059350805,0,1,0,0,0,0,-1.138715661484139
41,40.0,0,0,1,1,0,0,1,0,0,0,0,0,1,0,0,0,0,0,0,0,0,1,-0.4576454924460446,0,0,0,1,0,0,0.7477470953701431
42,27.0,0,1,0,1,0,0,1,0,0,0,0,0,1,0,0,0,0,0,0,0,0,1,-0.22559322262067316,0,0,0,1,0,0,-0.19548428305699794
43,32.03564383066886,0,0,1,0,1,1,0,0,0,0,0,0,1,0,0,0,0,0,0,1,0,0,-0.4894421904510968,0,0,1,0,0,0,0.16988319937914959
44,3.0,0,1,0,1,0,0,1,0,0,0,0,0,0,0,1,0,0,0,0,1,0,0,0.18876253192945994,0,1,0,0,0,0,-1.9368345201532582
45,19.0,0,0,1,1,0,1,0,0,0,0,0,0,1,0,0,0,0,0,0,0,1,0,-0.48977642625839407,0,1,0,0,0,0,-0.7759343620890847
46,30.70572677927052,0,0,1,0,1,1,0,0,0,0,0,0,1,0,0,0,0,0,0,0,0,1,-0.4863374216869257,0,0,1,0,0,0,0.0733893921803638
47,40.085419656038404,0,0,1,0,1,0,1,0,0,0,0,0,1,0,0,0,0,0,0,0,1,0,-0.3363340021468808,0,0,1,0,0,0,0.7539448261324412
48,22.316428670634913,0,0,1,1,0,1,0,0,0,0,0,0,1,0,0,0,0,0,0,0,1,0,-0.49237782784290063,0,1,0,0,0,0,-0.5353067015922954
49,24.155894642857138,0,0,1,0,1,0,0,1,0,0,0,0,1,0,0,0,0,0,0,1,0,0,-0.21191774308354583,0,0,1,0,0,0,-0.4018419304731424
50,18.0,0,0,1,1,0,0,1,0,0,0,0,0,1,0,0,0,0,0,0,0,0,1,-0.29002422161773944,0,0,0,1,0,0,-0.8484906219680955
51,7.0,0,0,1,0,1,0,0,0,0,1,0,0,0,1,0,0,0,0,0,0,0,1,0.1506737441786005,1,0,0,0,0,0,-1.646609480637215
52,21.0,0,0,1,0,1,1,0,0,0,0,0,0,1,0,0,0,0,0,0,0,0,1,-0.4913710934835715,0,0,1,0,0,0,-0.630821842331063
53,49.0,1,0,0,1,0,0,1,0,0,0,0,0,1,0,0,0,0,0,0,1,0,0,0.8964967865378598,0,0,0,1,0,0,1.4007534342812407
54,29.0,0,1,0,1,0,0,1,0,0,0,0,0,1,0,0,0,0,0,0,0,0,1,-0.12491978668775715,0,0,0,1,0,0,-0.05037176329897624
55,65.0,1,0,0,0,1,1,0,0,0,0,0,0,0,1,0,0,0,0,0,1,0,0,0.5995101505357573,0,0,1,0,0,0,2.561653592345414
56,39.14940119047616,1,0,0,0,1,1,0,0,0,0,0,0,1,0,0,0,0,0,0,0,0,1,0.06635974158478332,0,0,1,0,0,0,0.6860308270935542
57,21.0,0,1,0,1,0,1,0,0,0,0,0,0,1,0,0,0,0,0,0,0,0,1,-0.43700743807979686,0,1,0,0,0,0,-0.630821842331063
58,28.5,0,0,1,0,1,1,0,0,0,0,0,0,1,0,0,0,0,0,0,1,0,0,-0.5028639729296732,0,0,1,0,0,0,-0.08664989323848167
59,5.0,0,1,0,1,0,0,1,0,0,0,0,0,0,0,1,0,0,0,0,0,0,1,-0.08968408411123653,0,1,0,0,0,0,-1.7917220003952365
60,11.0,0,0,1,0,1,0,0,0,0,0,1,0,0,0,1,0,0,0,0,0,0,1,0.2958951755118318,1,0,0,0,0,0,-1.3563844411211714
61,22.0,0,0,1,0,1,1,0,0,0,0,0,0,1,0,0,0,0,0,0,1,0,0,-0.5028639729296732,0,0,1,0,0,0,-0.5582655824520522
62,38.0,1,0,0,1,0,1,0,0,0,0,0,0,1,0,0,0,0,0,0,0,0,0,0.962353321387736,0,1,0,0,0,0,0.6026345756121214
63,45.0,1,0,0,0,1,0,1,0,0,0,0,0,1,0,0,0,0,0,0,0,0,1,1.0323213593611125,0,0,1,0,0,0,1.1105283947651974
64,4.0,0,0,1,0,1,0,0,0,1,0,0,0,0,0,1,0,0,0,0,0,0,1,-0.08666388103324908,1,0,0,0,0,0,-1.8642782602742474
65,35.82237259199134,1,0,0,0,1,1,0,0,0,0,0,0,1,0,0,0,0,0,0,1,0,0,-0.09027201697708476,0,0,1,0,0,0,0.4446340754769882
66,4.6547020833333494,0,0,1,0,1,0,1,0,0,0,0,0,0,1,0,0,0,0,0,1,0,0,-0.3414522396297103,1,0,0,0,0,0,-1.816775525772583
67,29.0,0,1,0,1,0,1,0,0,0,0,0,0,1,0,0,0,0,0,0,0,0,1,-0.43700743807979686,0,0,0,1,0,0,-0.05037176329897624
68,19.0,0,0,1,0,1,1,0,0,0,0,0,0,1,0,0,0,0,0,0,0,0,1,-0.4841568350646187,0,0,1,0,0,0,-0.7759343620890847
69,17.0,0,0,1,1,0,0,0,0,0,1,0,0,0,0,1,0,0,0,0,0,0,1,-0.4888542575852486,0,1,0,0,0,0,-0.9210468818471064
70,26.0,0,0,1,0,1,0,0,1,0,0,0,0,1,0,0,0,0,0,0,0,0,1,-0.47400492578514347,0,0,1,0,0,0,-0.26804054293600876
71,32.0,0,1,0,0,1,1,0,0,0,0,0,0,1,0,0,0,0,0,0,0,0,1,-0.43700743807979686,0,0,1,0,0,0,0.1672970163380563
72,16.0,0,0,1,1,0,0,0,0,0,0,1,0,0,0,1,0,0,0,0,0,0,1,0.2958951755118318,0,1,0,0,0,0,-0.9936031417261172
73,21.0,0,1,0,0,1,1,0,0,0,0,0,0,1,0,0,0,0,0,0,0,0,1,0.8314778546749452,0,0,1,0,0,0,-0.630821842331063
74,26.0,0,0,1,0,1,0,1,0,0,0,0,0,1,0,0,0,0,0,0,1,0,0,-0.3573908580066095,0,0,1,0,0,0,-0.26804054293600876
75,32.0,0,0,1,0,1,1,0,0,0,0,0,0,1,0,0,0,0,0,0,0,0,1,0.48910360681684706,0,0,1,0,0,0,0.1672970163380563
76,25.0,0,0,1,0,1,1,0,0,0,0,0,0,1,0,0,0,0,0,0,0,0,1,-0.494391296561559,0,0,1,0,0,0,-0.34059680281501964
77,27.262214953420493,0,0,1,0,1,1,0,0,0,0,0,0,1,0,0,0,0,0,0,0,0,1,-0.4894421904510968,0,0,1,0,0,0,-0.17645894675245793
78,30.70572677927052,0,0,1,0,1,1,0,0,0,0,0,0,1,0,0,0,0,0,0,0,0,1,-0.4863374216869257,0,0,1,0,0,0,0.0733893921803638
79,0.83,0,1,0,0,1,1,0,0,0,0,0,0,0,0,1,0,0,0,0,0,0,1,-0.06451572512800753,1,0,0,0,0,0,-2.0942816040907117
80,30.0,0,0,1,1,0,1,0,0,0,0,0,0,1,0,0,0,0,0,0,0,0,1,-0.397241430886295,0,1,0,0,0,0,0.022184496580034605
81,22.0,0,0,1,0,1,1,0,0,0,0,0,0,1,0,0,0,0,0,0,0,0,1,-0.46720946885967163,0,0,1,0,0,0,-0.5582655824520522
82,29.0,0,0,1,0,1,1,0,0,0,0,0,0,1,0,0,0,0,0,0,0,0,1,-0.45714212526638004,0,0,1,0,0,0,-0.05037176329897624
83,21.215733730158714,0,0,1,1,0,1,0,0,0,0,0,0,1,0,0,0,0,0,0,0,1,0,-0.49162277707340374,0,1,0,0,0,0,-0.615169009740999
84,28.0,1,0,0,0,1,1,0,0,0,0,0,0,1,0,0,0,0,0,0,0,0,1,0.29992211294914856,0,0,1,0,0,0,-0.12292802317798708
85,17.0,0,1,0,1,0,1,0,0,0,0,0,0,1,0,0,0,0,0,0,0,0,1,-0.43700743807979686,0,1,0,0,0,0,-0.9210468818471064
86,33.0,0,0,1,1,0,0,0,0,1,0,0,0,1,0,0,0,0,0,0,0,0,1,-0.32928686163157667,0,0,0,1,0,0,0.23985327621706715
87,16.0,0,0,1,0,1,0,1,0,0,0,0,0,0,0,0,1,0,0,0,0,0,1,0.04370821849987721,0,0,1,0,0,0,-0.9936031417261172
88,30.70572677927052,0,0,1,0,1,1,0,0,0,0,0,0,1,0,0,0,0,0,0,0,0,1,-0.4863374216869257,0,0,1,0,0,0,0.0733893921803638
89,23.0,1,0,0,1,0,0,0,0,1,0,0,0,0,0,1,0,0,0,0,0,0,1,4.647001076532463,0,1,0,0,0,0,-0.48570932257304134
90,24.0,0,0,1,0,1,1,0,0,0,0,0,0,1,0,0,0,0,0,0,0,0,1,-0.4863374216869257,0,0,1,0,0,0,-0.41315306269403046
91,29.0,0,0,1,0,1,1,0,0,0,0,0,0,1,0,0,0,0,0,0,0,0,1,-0.4863374216869257,0,0,1,0,0,0,-0.05037176329897624
92,20.0,0,0,1,0,1,1,0,0,0,0,0,0,1,0,0,0,0,0,0,0,0,1,-0.4902797934380587,0,0,1,0,0,0,-0.7033781022100739
93,46.0,1,0,0,0,1,0,1,0,0,0,0,0,1,0,0,0,0,0,0,0,0,1,0.5833178351003071,0,0,1,0,0,0,1.1830846546442082
94,26.0,0,0,1,0,1,0,1,0,0,0,0,0,0,0,1,0,0,0,0,0,0,1,-0.23415046467497105,0,0,1,0,0,0,-0.26804054293600876
95,59.0,0,0,1,0,1,1,0,0,0,0,0,0,1,0,0,0,0,0,0,0,0,1,-0.5024451714361923,0,0,1,0,0,0,2.1263160330713493
96,30.70572677927052,0,0,1,0,1,1,0,0,0,0,0,0,1,0,0,0,0,0,0,0,0,1,-0.4863374216869257,0,0,1,0,0,0,0.0733893921803638
97,71.0,1,0,0,0,1,1,0,0,0,0,0,0,1,0,0,0,0,0,0,1,0,0,0.0493298231623713,0,0,1,0,0,0,2.996991151619479
98,23.0,1,0,0,0,1,1,0,0,0,0,0,0,0,1,0,0,0,0,0,1,0,0,0.6272778976347743,0,0,1,0,0,0,-0.48570932257304134
99,34.0,0,1,0,1,0,1,0,0,0,0,0,0,0,1,0,0,0,0,0,0,0,1,-0.18532384824750675,0,0,0,1,0,0,0.31240953609607797
100,34.0,0,1,0,0,1,0,1,0,0,0,0,0,1,0,0,0,0,0,0,0,0,1,-0.12491978668775715,0,0,1,0,0,0,0.31240953609607797
101,28.0,0,0,1,1,0,1,0,0,0,0,0,0,1,0,0,0,0,0,0,0,0,1,-0.4894421904510968,0,1,0,0,0,0,-0.12292802317798708
102,27.262214953420493,0,0,1,0,1,1,0,0,0,0,0,0,1,0,0,0,0,0,0,0,0,1,-0.4894421904510968,0,0,1,0,0,0,-0.17645894675245793
103,21.0,1,0,0,0,1,1,0,0,0,0,0,0,0,1,0,0,0,0,0,0,0,1,0.907737982394129,0,0,1,0,0,0,-0.630821842331063
104,33.0,0,0,1,0,1,1,0,0,0,0,0,0,1,0,0,0,0,0,0,0,0,1,-0.4741720436887921,0,0,1,0,0,0,0.23985327621706715
105,37.0,0,0,1,0,1,0,0,1,0,0,0,0,1,0,0,0,0,0,0,0,0,1,-0.4888542575852486,0,0,1,0,0,0,0.5300783157331105
106,28.0,0,0,1,0,1,1,0,0,0,0,0,0,1,0,0,0,0,0,0,0,0,1,-0.4894421904510968,0,0,1,0,0,0,-0.12292802317798708
107,21.0,0,0,1,1,0,1,0,0,0,0,0,0,1,0,0,0,0,0,0,0,0,1,-0.494391296561559,0,1,0,0,0,0,-0.630821842331063
108,29.41348177221811,0,0,1,0,1,1,0,0,0,0,0,0,1,0,0,0,0,0,0,0,0,1,-0.4918744606632361,0,0,1,0,0,0,-0.020371072378685157
109,38.0,0,0,1,0,1,1,0,0,0,0,0,0,1,0,0,0,0,0,0,0,0,1,-0.4894421904510968,0,0,1,0,0,0,0.6026345756121214
110,17.48324223901099,0,0,1,1,0,0,1,0,0,0,0,0,1,0,0,0,0,0,0,0,1,0,-0.1621689579829361,0,1,0,0,0,0,-0.8859846323689099
111,47.0,1,0,0,0,1,1,0,0,0,0,0,0,1,0,0,0,0,0,0,0,0,1,0.39858208016340624,0,0,1,0,0,0,1.255640914523219
112,14.5,0,0,1,1,0,0,1,0,0,0,0,0,1,0,0,0,0,0,0,1,0,0,-0.3573908580066095,0,1,0,0,0,0,-1.1024375315446335
113,22.0,0,0,1,0,1,1,0,0,0,0,0,0,1,0,0,0,0,0,0,0,0,1,-0.4863374216869257,0,0,1,0,0,0,-0.5582655824520522
114,20.0,0,0,1,1,0,0,1,0,0,0,0,0,1,0,0,0,0,0,0,0,0,1,-0.4505983519307405,0,1,0,0,0,0,-0.7033781022100739
115,17.0,0,0,1,1,0,1,0,0,0,0,0,0,1,0,0,0,0,0,0,1,0,0,-0.3573083057891445,0,1,0,0,0,0,-0.9210468818471064
116,21.0,0,0,1,0,1,1,0,0,0,0,0,0,1,0,0,0,0,0,0,0,0,1,-0.4888542575852486,0,0,1,0,0,0,-0.630821842331063
117,70.5,0,0,1,0,1,1,0,0,0,0,0,0,1,0,0,0,0,0,0,0,1,0,-0.49237782784290063,0,0,1,0,0,0,2.9607130216799735
118,29.0,0,1,0,0,1,0,1,0,0,0,0,0,1,0,0,0,0,0,0,0,0,1,-0.22559322262067316,0,0,1,0,0,0,-0.05037176329897624
119,24.0,1,0,0,0,1,1,0,0,0,0,0,0,0,1,0,0,0,0,0,1,0,0,4.335332226633905,0,0,1,0,0,0,-0.41315306269403046
120,2.0,0,0,1,1,0,0,0,0,0,1,0,0,0,0,1,0,0,0,0,0,0,1,-0.01870931177853076,0,1,0,0,0,0,-2.0093907800322692
121,21.0,0,1,0,0,1,0,0,1,0,0,0,0,1,0,0,0,0,0,0,0,0,1,0.8314778546749452,0,0,1,0,0,0,-0.630821842331063
122,30.70572677927052,0,0,1,0,1,1,0,0,0,0,0,0,1,0,0,0,0,0,0,0,0,1,-0.4863374216869257,0,0,1,0,0,0,0.0733893921803638
123,32.5,0,1,0,0,1,0,1,0,0,0,0,0,1,0,0,0,0,0,0,1,0,0,-0.04295550208861426,0,0,1,0,0,0,0.2035751462775617
124,32.5,0,1,0,1,0,1,0,0,0,0,0,0,1,0,0,0,0,0,0,0,0,1,-0.3866707201133388,0,1,0,0,0,0,0.2035751462775617
125,54.0,1,0,0,0,1,1,0,0,0,0,0,0,0,1,0,0,0,0,0,0,0,1,0.907737982394129,0,0,1,0,0,0,1.763534733676295
126,12.0,0,0,1,0,1,0,1,0,0,0,0,0,1,0,0,0,0,0,0,1,0,0,-0.42207354059350805,1,0,0,0,0,0,-1.2838281812421606
127,44.723103061868606,0,0,1,0,1,1,0,0,0,0,0,0,1,0,0,0,0,0,0,0,1,0,-0.49237782784290063,0,0,1,0,0,0,1.0904377885624335
128,24.0,0,0,1,0,1,1,0,0,0,0,0,0,1,0,0,0,0,0,0,0,0,1,-0.5046257580584992,0,0,1,0,0,0,-0.41315306269403046
129,4.8507467261904775,0,0,1,1,0,0,1,0,0,0,0,0,0,1,0,0,0,0,0,1,0,0,-0.19824427701513722,0,1,0,0,0,0,-1.8025512597175535
130,45.0,0,0,1,0,1,1,0,0,0,0,0,0,1,0,0,0,0,0,0,0,0,1,-0.5079822104125026,0,0,1,0,0,0,1.1105283947651974
131,33.0,0,0,1,0,1,1,0,0,0,0,0,0,1,0,0,0,0,0,0,1,0,0,-0.4894421904510968,0,0,1,0,0,0,0.23985327621706715
132,20.0,0,0,1,0,1,1,0,0,0,0,0,0,1,0,0,0,0,0,0,0,0,1,-0.5064721088735089,0,0,1,0,0,0,-0.7033781022100739
133,47.0,0,0,1,1,0,0,1,0,0,0,0,0,1,0,0,0,0,0,0,0,0,1,-0.35646868933346404,0,0,0,1,0,0,1.255640914523219
134,29.0,0,1,0,1,0,0,1,0,0,0,0,0,1,0,0,0,0,0,0,0,0,1,-0.12491978668775715,0,0,0,1,0,0,-0.05037176329897624
135,25.0,0,1,0,0,1,1,0,0,0,0,0,0,1,0,0,0,0,0,0,0,0,1,-0.3866707201133388,0,0,1,0,0,0,-0.34059680281501964
136,23.0,0,1,0,0,1,1,0,0,0,0,0,0,1,0,0,0,0,0,0,1,0,0,-0.3454791770670269,0,0,1,0,0,0,-0.48570932257304134
137,19.0,1,0,0,1,0,1,0,0,0,0,0,0,0,0,1,0,0,0,0,0,0,1,-0.11921562980779811,0,1,0,0,0,0,-0.7759343620890847
138,37.0,1,0,0,0,1,0,1,0,0,0,0,0,1,0,0,0,0,0,0,0,0,1,0.4207302360686478,0,0,1,0,0,0,0.5300783157331105
139,16.0,0,0,1,0,1,1,0,0,0,0,0,0,1,0,0,0,0,0,0,0,0,1,-0.4628462821463391,0,0,1,0,0,0,-0.9936031417261172
140,24.0,1,0,0,0,1,1,0,0,0,0,0,0,1,0,0,0,0,0,0,1,0,0,0.9462455716384695,0,0,1,0,0,0,-0.41315306269403046
141,28.448125,0,0,1,1,0,1,0,0,0,0,0,0,0,0,1,0,0,0,0,1,0,0,-0.3414522396297103,0,0,0,1,0,0,-0.09041374921970528
142,22.0,0,0,1,1,0,1,0,0,0,0,0,0,1,0,0,0,0,0,0,0,0,1,-0.49237782784290063,0,1,0,0,0,0,-0.5582655824520522
143,24.0,0,0,1,1,0,0,1,0,0,0,0,0,1,0,0,0,0,0,0,0,0,1,-0.32928686163157667,0,0,0,1,0,0,-0.41315306269403046
144,19.0,0,0,1,0,1,1,0,0,0,0,0,0,1,0,0,0,0,0,0,0,1,0,-0.5125125150294839,0,0,1,0,0,0,-0.7759343620890847
145,18.0,0,1,0,0,1,1,0,0,0,0,0,0,1,0,0,0,0,0,0,0,0,1,-0.41687275089321363,0,0,1,0,0,0,-0.8484906219680955
146,19.0,0,1,0,0,1,0,1,0,0,0,0,0,0,1,0,0,0,0,0,0,0,1,0.09152810056801232,0,0,1,0,0,0,-0.7759343620890847
147,27.0,0,0,1,0,1,1,0,0,0,0,0,0,1,0,0,0,0,0,0,0,0,1,-0.49145565916975514,0,0,1,0,0,0,-0.19548428305699794
148,9.0,0,0,1,1,0,0,0,1,0,0,0,0,0,0,1,0,0,0,0,0,0,1,0.04370821849987721,0,1,0,0,0,0,-1.5014969608791933
149,36.5,0,1,0,0,1,1,0,0,0,0,0,0,0,0,1,0,0,0,0,0,0,1,-0.12491978668775715,0,0,1,0,0,0,0.49380018579360513
150,42.0,0,1,0,0,1,1,0,0,0,0,0,0,1,0,0,0,0,0,0,0,0,1,-0.3866707201133388,0,0,0,0,1,0,0.8928596151281648
151,51.0,0,1,0,0,1,1,0,0,0,0,0,0,1,0,0,0,0,0,0,0,0,1,-0.39623469652696586,0,0,0,0,1,0,1.5458659540392623
152,22.0,1,0,0,1,0,0,1,0,0,0,0,0,1,0,0,0,0,0,0,0,0,1,0.6925485130875209,0,0,0,1,0,0,-0.5582655824520522
153,55.5,0,0,1,0,1,1,0,0,0,0,0,0,1,0,0,0,0,0,0,0,0,1,-0.4863374216869257,0,0,1,0,0,0,1.8723691234948112
154,40.5,0,0,1,0,1,1,0,0,0,0,0,0,0,0,1,0,0,0,0,0,0,1,-0.35646868933346404,0,0,1,0,0,0,0.7840252253096485
155,30.75476816205489,0,0,1,0,1,1,0,0,0,0,0,0,1,0,0,0,0,0,0,0,0,1,-0.5011867534870308,0,0,1,0,0,0,0.07694765149449263
156,51.0,1,0,0,0,1,1,0,0,0,0,0,0,0,1,0,0,0,0,0,1,0,0,0.5874293382238074,0,0,1,0,0,0,1.5458659540392623
157,16.0,0,0,1,1,0,1,0,0,0,0,0,0,1,0,0,0,0,0,0,0,1,0,-0.49271407711891657,0,1,0,0,0,0,-0.9936031417261172
158,30.0,0,0,1,0,1,1,0,0,0,0,0,0,1,0,0,0,0,0,0,0,0,1,-0.4863374216869257,0,0,1,0,0,0,0.022184496580034605
159,24.699985414340563,0,0,1,0,1,1,0,0,0,0,0,0,1,0,0,0,0,0,0,0,0,1,-0.47400492578514347,0,0,1,0,0,0,-0.36236473905961947
160,5.9936700000000025,0,0,1,0,1,0,0,0,0,0,0,1,0,0,1,0,0,0,0,0,0,1,0.7519458402879414,1,0,0,0,0,0,-1.7196250216412596
161,44.0,0,0,1,0,1,1,0,0,0,0,0,0,0,1,0,0,0,0,0,0,0,1,-0.32425318983493084,0,0,1,0,0,0,1.0379721348861866
162,40.0,0,1,0,1,0,1,0,0,0,0,0,0,1,0,0,0,0,0,0,0,0,1,-0.331300330350235,0,0,0,1,0,0,0.7477470953701431
163,26.0,0,0,1,0,1,1,0,0,0,0,0,0,1,0,0,0,0,0,0,0,0,1,-0.4918744606632361,0,0,1,0,0,0,-0.26804054293600876
164,17.0,0,0,1,0,1,1,0,0,0,0,0,0,1,0,0,0,0,0,0,0,0,1,-0.47400492578514347,0,0,1,0,0,0,-0.9210468818471064
165,1.0,0,0,1,0,1,0,0,0,0,1,0,0,0,1,0,0,0,0,0,0,0,1,0.1506737441786005,1,0,0,0,0,0,-2.08194703991128
166,9.0,0,0,1,0,1,1,0,0,0,0,0,0,0,0,1,0,0,0,0,0,0,1,-0.2351571990343002,1,0,0,0,0,0,-1.5014969608791933
167,43.607973809523806,1,0,0,1,0,1,0,0,0,0,0,0,0,1,0,0,0,0,0,0,0,1,0.4589861417231558,0,0,0,1,0,0,1.0095281807306171
168,45.0,0,0,1,1,0,0,1,0,0,0,0,0,0,0,0,0,1,0,0,0,0,1,-0.08666388103324908,0,0,0,1,0,0,1.1105283947651974
169,49.98135714285715,1,0,0,0,1,1,0,0,0,0,0,0,1,0,0,0,0,0,0,0,0,1,-0.12642988822675086,0,0,1,0,0,0,1.4719570381725076
170,28.0,0,0,1,0,1,1,0,0,0,0,0,0,1,0,0,0,0,0,0,0,0,1,0.48910360681684706,0,0,1,0,0,0,-0.12292802317798708
171,61.0,1,0,0,0,1,1,0,0,0,0,0,0,1,0,0,0,0,0,0,0,0,1,0.026090367211616904,0,0,1,0,0,0,2.271428552829371
172,4.0,0,0,1,0,1,0,0,0,0,1,0,0,0,1,0,0,0,0,0,0,1,0,-0.06199888922968463,1,0,0,0,0,0,-1.8642782602742474
173,1.0,0,0,1,1,0,0,1,0,0,0,0,0,0,1,0,0,0,0,0,0,0,1,-0.4242561406845337,0,1,0,0,0,0,-2.08194703991128
174,21.0,0,0,1,0,1,1,0,0,0,0,0,0,1,0,0,0,0,0,0,0,0,1,-0.4888542575852486,0,0,1,0,0,0,-0.630821842331063
175,56.0,1,0,0,0,1,1,0,0,0,0,0,0,1,0,0,0,0,0,0,1,0,0,-0.030371322596999754,0,0,1,0,0,0,1.9086472534343166
176,18.0,0,0,1,0,1,0,1,0,0,0,0,0,0,1,0,0,0,0,0,0,0,1,-0.4902797934380587,0,0,1,0,0,0,-0.8484906219680955
177,4.261884087301586,0,0,1,0,1,0,0,0,1,0,0,0,0,1,0,0,0,0,0,0,0,1,-0.13565761536436197,1,0,0,0,0,0,-1.845276930377816
178,50.0,1,0,0,1,0,1,0,0,0,0,0,0,1,0,0,0,0,0,0,1,0,0,-0.07030444769415023,0,1,0,0,0,0,1.4733096941602515
179,30.0,0,1,0,0,1,1,0,0,0,0,0,0,1,0,0,0,0,0,0,0,0,1,-0.3866707201133388,0,0,1,0,0,0,0.022184496580034605
180,36.0,0,0,1,0,1,1,0,0,0,0,0,0,1,0,0,0,0,0,0,0,0,1,-0.6484216535389205,0,0,1,0,0,0,0.45752205585409966
181,19.22000119047619,0,0,1,1,0,0,0,0,0,0,0,1,0,0,1,0,0,0,0,0,0,1,0.7519458402879414,0,1,0,0,0,0,-0.7599718985392026
182,28.28245888278388,0,1,0,0,1,1,0,0,0,0,0,0,1,0,0,0,0,0,0,1,0,0,-0.34539461138084326,0,0,1,0,0,0,-0.10243386307358471
183,9.0,0,0,1,0,1,0,0,0,0,1,0,0,0,0,1,0,0,0,0,0,0,1,-0.016444159470040135,1,0,0,0,0,0,-1.5014969608791933
184,1.0,0,1,0,0,1,0,0,1,0,0,0,0,0,1,0,0,0,0,0,0,0,1,0.13683114673782454,1,0,0,0,0,0,-2.08194703991128
185,4.0,0,0,1,1,0,1,0,0,0,0,0,0,0,0,1,0,0,0,0,0,0,1,-0.20495516825442542,0,1,0,0,0,0,-1.8642782602742474
186,45.23921666666666,1,0,0,0,1,1,0,0,0,0,0,0,1,0,0,0,0,0,0,0,0,1,0.3583127057902398,0,0,1,0,0,0,1.127885061399254
187,35.478962964812965,0,0,1,1,0,0,1,0,0,0,0,0,1,0,0,0,0,0,0,0,1,0,-0.3363340021468808,0,0,0,1,0,0,0.41971755732247984
188,45.0,1,0,0,0,1,1,0,0,0,0,0,0,1,0,0,0,0,0,0,0,0,1,-0.11384570873513637,0,0,1,0,0,0,1.1105283947651974
189,40.0,0,0,1,0,1,0,1,0,0,0,0,0,0,1,0,0,0,0,0,0,1,0,-0.3363340021468808,0,0,1,0,0,0,0.7477470953701431
190,36.0,0,0,1,0,1,1,0,0,0,0,0,0,1,0,0,0,0,0,0,0,0,1,-0.4894421904510968,0,0,1,0,0,0,0.45752205585409966
191,32.0,0,1,0,1,0,1,0,0,0,0,0,0,1,0,0,0,0,0,0,0,0,1,-0.3866707201133388,0,0,0,1,0,0,0.1672970163380563
192,19.0,0,1,0,0,1,1,0,0,0,0,0,0,1,0,0,0,0,0,0,0,0,1,-0.3866707201133388,0,0,1,0,0,0,-0.7759343620890847
193,19.0,0,0,1,1,0,0,1,0,0,0,0,0,1,0,0,0,0,0,0,0,0,1,-0.4902797934380587,0,1,0,0,0,0,-0.7759343620890847
194,3.0,0,1,0,0,1,0,1,0,0,0,0,0,0,1,0,0,0,0,0,0,0,1,-0.12491978668775715,1,0,0,0,0,0,-1.9368345201532582
195,44.0,1,0,0,1,0,1,0,0,0,0,0,0,1,0,0,0,0,0,0,1,0,0,-0.09027201697708476,0,0,0,1,0,0,1.0379721348861866
196,58.0,1,0,0,1,0,1,0,0,0,0,0,0,1,0,0,0,0,0,0,1,0,0,2.301728820789,0,1,0,0,0,0,2.0537597731923385
197,44.723103061868606,0,0,1,0,1,1,0,0,0,0,0,0,1,0,0,0,0,0,0,0,1,0,-0.49237782784290063,0,0,1,0,0,0,1.0904377885624335
198,42.0,0,0,1,0,1,1,0,0,0,0,0,0,0,1,0,0,0,0,0,0,0,1,-0.47920571548543794,0,0,1,0,0,0,0.8928596151281648
199,22.316428670634913,0,0,1,1,0,1,0,0,0,0,0,0,1,0,0,0,0,0,0,0,1,0,-0.49237782784290063,0,1,0,0,0,0,-0.5353067015922954
200,24.0,0,1,0,1,0,1,0,0,0,0,0,0,1,0,0,0,0,0,0,0,0,1,-0.3866707201133388,0,1,0,0,0,0,-0.41315306269403046
201,28.0,0,0,1,0,1,1,0,0,0,0,0,0,1,0,0,0,0,0,0,0,0,1,-0.45714212526638004,0,0,1,0,0,0,-0.12292802317798708
202,24.951258333333335,0,0,1,0,1,0,0,0,0,0,0,1,0,0,1,0,0,0,0,0,0,1,0.7519458402879414,0,0,1,0,0,0,-0.3441333158486223
203,34.0,0,0,1,0,1,1,0,0,0,0,0,0,1,0,0,0,0,0,0,0,0,1,-0.5176307525123133,0,0,1,0,0,0,0.31240953609607797
204,45.5,0,0,1,0,1,1,0,0,0,0,0,0,1,0,0,0,0,0,0,1,0,0,-0.5029485386158568,0,0,1,0,0,0,1.1468065247047028
205,18.0,0,0,1,0,1,1,0,0,0,0,0,0,1,0,0,0,0,0,0,0,0,1,-0.4863374216869257,0,0,1,0,0,0,-0.8484906219680955
206,2.0,0,0,1,1,0,1,0,0,0,0,0,0,0,1,0,0,0,0,0,0,0,1,-0.43776248884929375,0,1,0,0,0,0,-2.0093907800322692
207,32.0,0,0,1,0,1,0,1,0,0,0,0,0,1,0,0,0,0,0,0,0,0,1,-0.32928686163157667,0,0,1,0,0,0,0.1672970163380563
208,26.0,0,0,1,0,1,1,0,0,0,0,0,0,1,0,0,0,0,0,0,1,0,0,-0.2701412180209885,0,0,1,0,0,0,-0.26804054293600876
209,16.0,0,0,1,1,0,1,0,0,0,0,0,0,1,0,0,0,0,0,0,0,1,0,-0.49237782784290063,0,1,0,0,0,0,-0.9936031417261172
210,40.0,1,0,0,0,1,1,0,0,0,0,0,0,1,0,0,0,0,0,0,1,0,0,-0.024246350754841113,0,0,1,0,0,0,0.7477470953701431
211,24.0,0,0,1,0,1,1,0,0,0,0,0,0,1,0,0,0,0,0,0,0,0,1,-0.5064721088735089,0,0,1,0,0,0,-0.41315306269403046
212,35.0,0,1,0,1,0,1,0,0,0,0,0,0,1,0,0,0,0,0,0,0,0,1,-0.22559322262067316,0,1,0,0,0,0,0.38496579597508884
213,22.0,0,0,1,0,1,1,0,0,0,0,0,0,1,0,0,0,0,0,0,0,0,1,-0.5024451714361923,0,0,1,0,0,0,-0.5582655824520522
214,30.0,0,1,0,0,1,1,0,0,0,0,0,0,1,0,0,0,0,0,0,0,0,1,-0.3866707201133388,0,0,1,0,0,0,0.022184496580034605
215,39.36536280629088,0,0,1,0,1,0,1,0,0,0,0,0,1,0,0,0,0,0,0,0,1,0,-0.49237782784290063,0,0,1,0,0,0,0.7017001942144981
216,31.0,1,0,0,1,0,0,1,0,0,0,0,0,1,0,0,0,0,0,0,1,0,0,1.6323350375212924,0,1,0,0,0,0,0.09474075645904545
217,27.0,0,0,1,1,0,1,0,0,0,0,0,0,1,0,0,0,0,0,0,0,0,1,-0.4888542575852486,0,1,0,0,0,0,-0.19548428305699794
218,42.0,0,1,0,0,1,0,1,0,0,0,0,0,1,0,0,0,0,0,0,0,0,1,-0.10478509950117394,0,0,1,0,0,0,0.8928596151281648
219,32.0,1,0,0,1,0,1,0,0,0,0,0,0,1,0,0,0,0,0,0,1,0,0,0.8876878608937296,0,1,0,0,0,0,0.1672970163380563
220,30.0,0,1,0,0,1,1,0,0,0,0,0,0,1,0,0,0,0,0,0,0,0,1,-0.43700743807979686,0,0,1,0,0,0,0.022184496580034605
221,16.0,0,0,1,0,1,1,0,0,0,0,0,0,1,0,0,0,0,0,0,0,0,1,-0.4863374216869257,0,0,1,0,0,0,-0.9936031417261172
222,27.0,0,1,0,0,1,1,0,0,0,0,0,0,1,0,0,0,0,0,0,0,0,1,-0.3866707201133388,0,0,1,0,0,0,-0.19548428305699794
223,51.0,0,0,1,0,1,1,0,0,0,0,0,0,1,0,0,0,0,0,0,0,0,1,-0.4863374216869257,0,0,1,0,0,0,1.5458659540392623
224,27.262214953420493,0,0,1,0,1,1,0,0,0,0,0,0,1,0,0,0,0,0,0,0,0,1,-0.4894421904510968,0,0,1,0,0,0,-0.17645894675245793
225,38.0,1,0,0,0,1,0,1,0,0,0,0,0,1,0,0,0,0,0,0,0,0,1,1.163700193253568,0,0,1,0,0,0,0.6026345756121214
226,22.0,0,0,1,0,1,1,0,0,0,0,0,0,1,0,0,0,0,0,0,0,0,1,-0.4601623283443675,0,0,1,0,0,0,-0.5582655824520522
227,19.0,0,1,0,0,1,1,0,0,0,0,0,0,1,0,0,0,0,0,0,0,0,1,-0.43700743807979686,0,0,1,0,0,0,-0.7759343620890847
228,20.5,0,0,1,0,1,1,0,0,0,0,0,0,1,0,0,0,0,0,0,0,0,1,-0.5024451714361923,0,0,1,0,0,0,-0.6670999722705684
229,18.0,0,1,0,0,1,1,0,0,0,0,0,0,1,0,0,0,0,0,0,0,0,1,-0.3866707201133388,0,0,1,0,0,0,-0.8484906219680955
230,5.717652678571428,0,0,1,1,0,0,0,0,1,0,0,0,0,1,0,0,0,0,0,0,0,1,-0.13565761536436197,0,1,0,0,0,0,-1.7396518061459396
231,35.0,1,0,0,1,0,0,1,0,0,0,0,0,1,0,0,0,0,0,0,0,0,1,1.0323213593611125,0,0,0,1,0,0,0.38496579597508884
232,29.0,0,0,1,0,1,1,0,0,0,0,0,0,1,0,0,0,0,0,0,0,0,1,-0.4918744606632361,0,0,1,0,0,0,-0.05037176329897624
233,59.0,0,1,0,0,1,1,0,0,0,0,0,0,1,0,0,0,0,0,0,0,0,1,-0.3766033765200472,0,0,1,0,0,0,2.1263160330713493
234,5.0,0,0,1,1,0,0,0,0,0,1,0,0,0,0,1,0,0,0,0,0,0,1,-0.016444159470040135,0,1,0,0,0,0,-1.7917220003952365
235,24.0,0,1,0,0,1,1,0,0,0,0,0,0,1,0,0,0,0,0,0,0,0,1,-0.43700743807979686,0,0,1,0,0,0,-0.41315306269403046
236,21.916038095238097,0,0,1,1,0,1,0,0,0,0,0,0,1,0,0,0,0,0,0,0,0,1,-0.49640476528021726,0,1,0,0,0,0,-0.5643575442338936
237,44.0,0,1,0,0,1,0,1,0,0,0,0,0,1,0,0,0,0,0,0,0,0,1,-0.12491978668775715,0,0,1,0,0,0,1.0379721348861866
238,8.0,0,1,0,1,0,1,0,0,0,0,0,0,0,0,1,0,0,0,0,0,0,1,-0.11988611489111134,0,1,0,0,0,0,-1.574053220758204
239,19.0,0,1,0,0,1,1,0,0,0,0,0,0,1,0,0,0,0,0,0,0,0,1,-0.43700743807979686,0,0,1,0,0,0,-0.7759343620890847
240,33.0,0,1,0,0,1,1,0,0,0,0,0,0,1,0,0,0,0,0,0,0,0,1,-0.4012683683236117,0,0,1,0,0,0,0.23985327621706715
241,15.64707803030303,0,0,1,1,0,0,1,0,0,0,0,0,1,0,0,0,0,0,0,1,0,0,-0.3573908580066095,0,1,0,0,0,0,-1.019209839876463
242,17.054832936507935,0,0,1,1,0,0,1,0,0,0,0,0,1,0,0,0,0,0,0,0,1,0,-0.3363340021468808,0,1,0,0,0,0,-0.9170684090559074
243,29.0,0,1,0,0,1,1,0,0,0,0,0,0,1,0,0,0,0,0,0,0,0,1,-0.43700743807979686,0,0,1,0,0,0,-0.05037176329897624
244,22.0,0,0,1,0,1,1,0,0,0,0,0,0,1,0,0,0,0,0,0,0,0,1,-0.5049620073345151,0,0,1,0,0,0,-0.5582655824520522
245,30.0,0,0,1,0,1,1,0,0,0,0,0,0,1,0,0,0,0,0,0,1,0,0,-0.5029485386158568,0,0,1,0,0,0,0.022184496580034605
246,44.0,1,0,0,0,1,0,0,1,0,0,0,0,1,0,0,0,0,0,0,0,1,0,1.163700193253568,0,0,0,0,1,0,1.0379721348861866
247,25.0,0,0,1,1,0,1,0,0,0,0,0,0,1,0,0,0,0,0,0,0,0,1,-0.4918744606632361,0,1,0,0,0,0,-0.34059680281501964
248,24.0,0,1,0,1,0,1,0,0,0,0,0,0,0,0,1,0,0,0,0,0,0,1,-0.35646868933346404,0,0,0,1,0,0,-0.41315306269403046
249,37.0,1,0,0,0,1,0,1,0,0,0,0,0,0,1,0,0,0,0,0,0,0,1,0.40974072380221066,0,0,1,0,0,0,0.5300783157331105
250,54.0,0,1,0,0,1,0,1,0,0,0,0,0,1,0,0,0,0,0,0,0,0,1,-0.12491978668775715,0,0,0,0,1,0,1.763534733676295
251,30.75476816205489,0,0,1,0,1,1,0,0,0,0,0,0,1,0,0,0,0,0,0,0,0,1,-0.5024451714361923,0,0,1,0,0,0,0.07694765149449263
252,29.0,0,0,1,1,0,0,1,0,0,0,0,0,0,1,0,0,0,0,0,0,0,1,-0.43776248884929375,0,0,0,1,0,0,-0.05037176329897624
253,62.0,1,0,0,0,1,1,0,0,0,0,0,0,1,0,0,0,0,0,0,0,0,1,-0.11384570873513637,0,0,1,0,0,0,2.3439848127083813
254,30.0,0,0,1,0,1,0,1,0,0,0,0,0,1,0,0,0,0,0,0,0,0,1,-0.32425318983493084,0,0,1,0,0,0,0.022184496580034605
255,41.0,0,0,1,1,0,1,0,0,0,0,0,0,0,0,1,0,0,0,0,0,0,1,-0.2414492887801075,0,0,0,1,0,0,0.8203033552491539
256,29.0,0,0,1,1,0,1,0,0,0,0,0,0,0,0,1,0,0,0,0,1,0,0,-0.3414522396297103,0,0,0,1,0,0,-0.05037176329897624
257,45.56780238095237,1,0,0,1,0,1,0,0,0,0,0,0,1,0,0,0,0,0,0,1,0,0,0.9462455716384695,0,0,0,1,0,0,1.1517260118774988
258,30.0,1,0,0,1,0,1,0,0,0,0,0,0,1,0,0,0,0,0,0,0,0,1,1.093228788100527,0,1,0,0,0,0,0.022184496580034605
259,35.0,1,0,0,1,0,1,0,0,0,0,0,0,1,0,0,0,0,0,0,1,0,0,9.667166525013505,0,1,0,0,0,0,0.38496579597508884
260,50.0,0,1,0,1,0,1,0,0,0,0,0,0,0,1,0,0,0,0,0,0,0,1,-0.12491978668775715,0,0,0,1,0,0,1.4733096941602515
261,44.723103061868606,0,0,1,0,1,1,0,0,0,0,0,0,1,0,0,0,0,0,0,0,1,0,-0.49237782784290063,0,0,1,0,0,0,1.0904377885624335
262,3.0,0,0,1,0,1,0,0,0,0,1,0,0,0,0,1,0,0,0,0,0,0,1,-0.016444159470040135,1,0,0,0,0,0,-1.9368345201532582
263,52.0,1,0,0,0,1,0,1,0,0,0,0,0,0,1,0,0,0,0,0,0,0,1,0.955306180872432,0,0,1,0,0,0,1.6184222139182731
264,40.0,1,0,0,0,1,1,0,0,0,0,0,0,1,0,0,0,0,0,0,0,0,1,-0.6484216535389205,0,0,1,0,0,0,0.7477470953701431
265,22.316428670634913,0,0,1,1,0,1,0,0,0,0,0,0,1,0,0,0,0,0,0,0,1,0,-0.49237782784290063,0,1,0,0,0,0,-0.5353067015922954
266,36.0,0,1,0,0,1,1,0,0,0,0,0,0,1,0,0,0,0,0,0,0,0,1,-0.43700743807979686,0,0,1,0,0,0,0.45752205585409966
267,16.0,0,0,1,0,1,0,0,0,0,1,0,0,0,1,0,0,0,0,0,0,0,1,0.1506737441786005,0,0,1,0,0,0,-0.9936031417261172
268,25.0,0,0,1,0,1,0,1,0,0,0,0,0,1,0,0,0,0,0,0,0,0,1,-0.4918744606632361,0,0,1,0,0,0,-0.34059680281501964
269,58.0,1,0,0,1,0,1,0,0,0,0,0,0,0,1,0,0,0,0,0,0,0,1,2.441497778832105,0,0,0,1,0,0,2.0537597731923385
270,35.0,1,0,0,1,0,1,0,0,0,0,0,0,1,0,0,0,0,0,0,0,0,1,2.0825124140450755,0,1,0,0,0,0,0.38496579597508884
271,46.296173232323234,1,0,0,0,1,1,0,0,0,0,0,0,1,0,0,0,0,0,0,0,0,1,-0.024246350754841113,0,0,1,0,0,0,1.2045738766578593
272,25.0,0,0,1,0,1,1,0,0,0,0,0,0,1,0,0,0,0,0,0,0,0,1,-0.6484216535389205,0,0,1,0,0,0,-0.34059680281501964
273,41.0,0,1,0,1,0,1,0,0,0,0,0,0,0,1,0,0,0,0,0,0,0,1,-0.255795253400548,0,0,0,1,0,0,0.8203033552491539
274,37.0,1,0,0,0,1,1,0,0,0,0,0,0,0,1,0,0,0,0,0,1,0,0,-0.05042144409739929,0,0,1,0,0,0,0.5300783157331105
275,22.316428670634913,0,0,1,1,0,1,0,0,0,0,0,0,1,0,0,0,0,0,0,0,1,0,-0.49237782784290063,0,1,0,0,0,0,-0.5353067015922954
276,63.0,1,0,0,1,0,0,1,0,0,0,0,0,1,0,0,0,0,0,0,0,0,1,0.921244330558889,0,1,0,0,0,0,2.416541072587392
277,45.0,0,0,1,1,0,1,0,0,0,0,0,0,1,0,0,0,0,0,0,0,0,1,-0.49237782784290063,0,1,0,0,0,0,1.1105283947651974
278,35.30413166502796,0,1,0,0,1,1,0,0,0,0,0,0,1,0,0,0,0,0,0,0,0,1,-0.6484216535389205,0,0,1,0,0,0,0.40703245210029376
279,7.0,0,0,1,0,1,0,0,0,0,1,0,0,0,1,0,0,0,0,0,0,1,0,-0.06199888922968463,1,0,0,0,0,0,-1.646609480637215
280,35.0,0,0,1,1,0,0,1,0,0,0,0,0,0,1,0,0,0,0,0,0,0,1,-0.24069423801061057,0,0,0,1,0,0,0.38496579597508884
281,65.0,0,0,1,0,1,1,0,0,0,0,0,0,1,0,0,0,0,0,0,0,1,0,-0.49237782784290063,0,0,1,0,0,0,2.561653592345414
282,28.0,0,0,1,0,1,1,0,0,0,0,0,0,1,0,0,0,0,0,0,0,0,1,-0.4902797934380587,0,0,1,0,0,0,-0.12292802317798708
283,16.0,0,0,1,0,1,1,0,0,0,0,0,0,1,0,0,0,0,0,0,0,0,1,-0.45714212526638004,0,0,1,0,0,0,-0.9936031417261172
284,19.0,0,0,1,0,1,1,0,0,0,0,0,0,1,0,0,0,0,0,0,0,0,1,-0.4863374216869257,0,0,1,0,0,0,-0.7759343620890847
285,55.07952380952376,1,0,0,0,1,1,0,0,0,0,0,0,1,0,0,0,0,0,0,0,0,1,-0.12491978668775715,0,0,1,0,0,0,1.8418609437456803
286,33.0,0,0,1,0,1,1,0,0,0,0,0,0,1,0,0,0,0,0,0,1,0,0,-0.47400492578514347,0,0,1,0,0,0,0.23985327621706715
287,30.0,0,0,1,0,1,1,0,0,0,0,0,0,1,0,0,0,0,0,0,0,0,1,-0.45714212526638004,0,0,1,0,0,0,0.022184496580034605
288,22.0,0,0,1,0,1,1,0,0,0,0,0,0,1,0,0,0,0,0,0,0,0,1,-0.4894421904510968,0,0,1,0,0,0,-0.5582655824520522
289,42.0,0,1,0,0,1,1,0,0,0,0,0,0,1,0,0,0,0,0,0,0,0,1,-0.3866707201133388,0,0,1,0,0,0,0.8928596151281648
290,22.0,0,0,1,1,0,1,0,0,0,0,0,0,1,0,0,0,0,0,0,0,1,0,-0.49237782784290063,0,1,0,0,0,0,-0.5582655824520522
291,26.0,1,0,0,1,0,1,0,0,0,0,0,0,1,0,0,0,0,0,0,0,0,1,0.9391984311231651,0,1,0,0,0,0,-0.26804054293600876
292,19.0,1,0,0,1,0,0,1,0,0,0,0,0,1,0,0,0,0,0,0,1,0,0,1.1854295476653287,0,0,0,1,0,0,-0.7759343620890847
293,36.0,0,1,0,0,1,1,0,0,0,0,0,0,1,0,0,0,0,0,0,1,0,0,-0.3891875560116617,0,0,1,0,0,0,0.45752205585409966
294,24.0,0,0,1,1,0,1,0,0,0,0,0,0,1,0,0,0,0,0,0,0,0,1,-0.4702296719376591,0,1,0,0,0,0,-0.41315306269403046
295,24.0,0,0,1,0,1,1,0,0,0,0,0,0,1,0,0,0,0,0,0,0,0,1,-0.4894421904510968,0,0,1,0,0,0,-0.41315306269403046
296,35.82237259199134,1,0,0,0,1,1,0,0,0,0,0,0,1,0,0,0,0,0,0,1,0,0,-0.09027201697708476,0,0,1,0,0,0,0.4446340754769882
297,23.5,0,0,1,0,1,1,0,0,0,0,0,0,1,0,0,0,0,0,0,1,0,0,-0.5028639729296732,0,0,1,0,0,0,-0.44943119263353587
298,2.0,1,0,0,1,0,0,1,0,0,0,0,0,0,0,1,0,0,0,0,0,0,1,2.4029901895877646,0,1,0,0,0,0,-2.0093907800322692
299,42.650973232323224,1,0,0,0,1,1,0,0,0,0,0,0,1,0,0,0,0,0,0,0,0,1,-0.034313694348132716,0,0,1,0,0,0,0.9400917981468884
300,50.0,1,0,0,1,0,1,0,0,0,0,0,0,0,1,0,0,0,0,0,1,0,0,4.335332226633905,0,0,0,1,0,0,1.4733096941602515
301,22.316428670634913,0,0,1,1,0,1,0,0,0,0,0,0,1,0,0,0,0,0,0,0,1,0,-0.49237782784290063,0,1,0,0,0,0,-0.5353067015922954
302,36.450098245504485,0,0,1,0,1,0,0,1,0,0,0,0,1,0,0,0,0,0,0,0,1,0,-0.18029017645086096,0,0,1,0,0,0,0.4901795011260099
303,19.0,0,0,1,0,1,1,0,0,0,0,0,0,1,0,0,0,0,0,0,0,0,1,-0.6484216535389205,0,0,1,0,0,0,-0.7759343620890847
304,28.088870818369372,0,1,0,1,0,1,0,0,0,0,0,0,1,0,0,0,0,0,0,0,1,0,-0.3997582667846179,0,1,0,0,0,0,-0.11647988898471855
305,30.70572677927052,0,0,1,0,1,1,0,0,0,0,0,0,1,0,0,0,0,0,0,0,0,1,-0.4863374216869257,0,0,1,0,0,0,0.0733893921803638
306,0.92,1,0,0,0,1,0,1,0,0,0,0,0,0,0,1,0,0,0,0,0,0,1,2.4029901895877646,1,0,0,0,0,0,-2.0877515407016007
307,29.9772388888889,1,0,0,1,0,1,0,0,0,0,0,0,1,0,0,0,0,0,0,1,0,0,1.5841789061771412,0,1,0,0,0,0,0.02053303548712247
308,17.0,1,0,0,1,0,0,1,0,0,0,0,0,1,0,0,0,0,0,0,1,0,0,1.5442457810799908,0,0,0,1,0,0,-0.9210468818471064
309,30.0,0,1,0,0,1,0,1,0,0,0,0,0,1,0,0,0,0,0,0,1,0,0,-0.16518916106092355,0,0,1,0,0,0,0.022184496580034605
310,30.0,1,0,0,1,0,1,0,0,0,0,0,0,1,0,0,0,0,0,0,1,0,0,0.49782998024351216,0,1,0,0,0,0,0.022184496580034605
311,24.0,1,0,0,1,0,1,0,0,0,0,0,0,1,0,0,0,0,0,0,1,0,0,1.0259447039291216,0,1,0,0,0,0,-0.41315306269403046
312,18.0,1,0,0,1,0,0,0,1,0,0,0,0,0,0,1,0,0,0,0,1,0,0,4.634416897040849,0,1,0,0,0,0,-0.8484906219680955
313,26.0,0,1,0,1,0,0,1,0,0,0,0,0,0,1,0,0,0,0,0,0,0,1,-0.12491978668775715,0,0,0,1,0,0,-0.26804054293600876
314,28.0,0,0,1,0,1,1,0,0,0,0,0,0,1,0,0,0,0,0,0,0,0,1,-0.4894421904510968,0,0,1,0,0,0,-0.12292802317798708
315,43.0,0,1,0,0,1,0,1,0,0,0,0,0,0,1,0,0,0,0,0,0,0,1,-0.11988611489111134,0,0,1,0,0,0,0.9654158750071756
316,26.0,0,0,1,1,0,1,0,0,0,0,0,0,1,0,0,0,0,0,0,0,0,1,-0.4902797934380587,0,1,0,0,0,0,-0.26804054293600876
317,24.0,0,1,0,1,0,0,1,0,0,0,0,0,1,0,0,0,0,0,0,0,0,1,-0.12491978668775715,0,0,0,1,0,0,-0.41315306269403046
318,54.0,0,1,0,0,1,1,0,0,0,0,0,0,1,0,0,0,0,0,0,0,0,1,-0.36653603292675563,0,0,0,0,1,0,1.763534733676295
319,31.0,1,0,0,1,0,1,0,0,0,0,0,0,0,0,1,0,0,0,0,0,0,1,2.671117778445337,0,1,0,0,0,0,0.09474075645904545
320,40.0,1,0,0,1,0,0,1,0,0,0,0,0,0,1,0,0,0,0,0,1,0,0,2.059693773056521,0,0,0,1,0,0,0.7477470953701431
321,22.0,0,0,1,0,1,1,0,0,0,0,0,0,1,0,0,0,0,0,0,0,0,1,-0.5024451714361923,0,0,1,0,0,0,-0.5582655824520522
322,27.0,0,0,1,0,1,1,0,0,0,0,0,0,1,0,0,0,0,0,0,0,0,1,-0.4894421904510968,0,0,1,0,0,0,-0.19548428305699794
323,30.0,0,1,0,1,0,1,0,0,0,0,0,0,1,0,0,0,0,0,0,0,1,0,-0.3997582667846179,0,1,0,0,0,0,0.022184496580034605
324,22.0,0,1,0,1,0,0,1,0,0,0,0,0,0,1,0,0,0,0,0,0,0,1,-0.06451572512800753,0,0,0,1,0,0,-0.5582655824520522
325,24.951258333333335,0,0,1,0,1,0,0,0,0,0,0,1,0,0,1,0,0,0,0,0,0,1,0.7519458402879414,0,0,1,0,0,0,-0.3441333158486223
326,36.0,1,0,0,1,0,1,0,0,0,0,0,0,1,0,0,0,0,0,0,1,0,0,2.0825124140450755,0,1,0,0,0,0,0.45752205585409966
327,61.0,0,0,1,0,1,1,0,0,0,0,0,0,1,0,0,0,0,0,0,0,0,1,-0.5228315422126077,0,0,1,0,0,0,2.271428552829371
328,36.0,0,1,0,1,0,1,0,0,0,0,0,0,1,0,0,0,0,0,0,0,0,1,-0.3866707201133388,0,0,0,1,0,0,0.45752205585409966
329,31.0,0,0,1,1,0,0,1,0,0,0,0,0,0,1,0,0,0,0,0,0,0,1,-0.2351571990343002,0,0,0,1,0,0,0.09474075645904545
330,16.0,1,0,0,1,0,1,0,0,0,0,0,0,0,1,0,0,0,0,0,1,0,0,0.5189714017894245,0,1,0,0,0,0,-0.9936031417261172
331,17.500892559523805,0,0,1,1,0,0,0,1,0,0,0,0,1,0,0,0,0,0,0,0,1,0,-0.18029017645086096,0,1,0,0,0,0,-0.8847039911268343
332,45.5,1,0,0,0,1,1,0,0,0,0,0,0,1,0,0,0,0,0,0,0,0,1,-0.07458306872129913,0,0,1,0,0,0,1.1468065247047028
333,38.0,1,0,0,0,1,1,0,0,0,0,0,0,0,1,0,0,0,0,0,0,0,1,2.441497778832105,0,0,1,0,0,0,0.6026345756121214
334,16.0,0,0,1,0,1,0,0,1,0,0,0,0,1,0,0,0,0,0,0,0,0,1,-0.2859972841804228,0,0,1,0,0,0,-0.9936031417261172
335,30.554500000000004,1,0,0,1,0,0,1,0,0,0,0,0,1,0,0,0,0,0,0,0,0,1,2.042579288947925,0,0,0,1,0,0,0.06241694268294644
336,27.262214953420493,0,0,1,0,1,1,0,0,0,0,0,0,1,0,0,0,0,0,0,0,0,1,-0.4894421904510968,0,0,1,0,0,0,-0.17645894675245793
337,29.0,1,0,0,0,1,0,1,0,0,0,0,0,1,0,0,0,0,0,0,0,0,1,0.6925485130875209,0,0,1,0,0,0,-0.05037176329897624
338,41.0,1,0,0,1,0,1,0,0,0,0,0,0,1,0,0,0,0,0,0,1,0,0,2.059693773056521,0,1,0,0,0,0,0.8203033552491539
339,45.0,0,0,1,0,1,1,0,0,0,0,0,0,1,0,0,0,0,0,0,0,0,1,-0.4863374216869257,0,0,1,0,0,0,1.1105283947651974
340,45.0,1,0,0,0,1,1,0,0,0,0,0,0,1,0,0,0,0,0,0,0,0,1,0.06635974158478332,0,0,1,0,0,0,1.1105283947651974
341,2.0,0,1,0,0,1,0,1,0,0,0,0,0,0,1,0,0,0,0,0,0,0,1,-0.12491978668775715,1,0,0,0,0,0,-2.0093907800322692
342,24.0,1,0,0,1,0,0,0,0,1,0,0,0,0,0,1,0,0,0,0,0,0,1,4.647001076532463,0,1,0,0,0,0,-0.41315306269403046
343,28.0,0,1,0,0,1,1,0,0,0,0,0,0,1,0,0,0,0,0,0,0,0,1,-0.3866707201133388,0,0,1,0,0,0,-0.12292802317798708
344,25.0,0,1,0,0,1,1,0,0,0,0,0,0,1,0,0,0,0,0,0,0,0,1,-0.3866707201133388,0,0,1,0,0,0,-0.34059680281501964
345,36.0,0,1,0,0,1,1,0,0,0,0,0,0,1,0,0,0,0,0,0,0,0,1,-0.3866707201133388,0,0,1,0,0,0,0.45752205585409966
346,24.0,0,1,0,1,0,1,0,0,0,0,0,0,1,0,0,0,0,0,0,0,0,1,-0.3866707201133388,0,1,0,0,0,0,-0.41315306269403046
347,40.0,0,1,0,1,0,1,0,0,0,0,0,0,1,0,0,0,0,0,0,0,0,1,-0.3866707201133388,0,1,0,0,0,0,0.7477470953701431
348,27.0228,0,0,1,1,0,0,1,0,0,0,0,0,1,0,0,0,0,0,0,0,0,1,-0.32425318983493084,0,0,0,1,0,0,-0.19383000033175649
349,3.0,0,0,1,0,1,0,1,0,0,0,0,0,0,1,0,0,0,0,0,0,0,1,-0.32828012727224753,1,0,0,0,0,0,-1.9368345201532582
350,42.0,0,0,1,0,1,1,0,0,0,0,0,0,1,0,0,0,0,0,0,0,0,1,-0.47400492578514347,0,0,1,0,0,0,0.8928596151281648
351,23.0,0,0,1,0,1,1,0,0,0,0,0,0,1,0,0,0,0,0,0,0,0,1,-0.4626791642426904,0,0,1,0,0,0,-0.48570932257304134
352,48.84712380952378,1,0,0,0,1,1,0,0,0,0,0,0,1,0,0,0,0,0,0,0,0,1,0.05629239799149171,0,0,1,0,0,0,1.3896613096757349
353,15.0,0,0,1,0,1,0,1,0,0,0,0,0,0,1,0,0,0,0,0,1,0,0,-0.5028639729296732,0,0,1,0,0,0,-1.0661594016051281
354,25.0,0,0,1,0,1,0,1,0,0,0,0,0,1,0,0,0,0,0,0,0,0,1,-0.29002422161773944,0,0,1,0,0,0,-0.34059680281501964
355,32.3798061750749,0,0,1,0,1,1,0,0,0,0,0,0,1,0,0,0,0,0,0,1,0,0,-0.5029485386158568,0,0,1,0,0,0,0.19485433188044363
356,28.0,0,0,1,0,1,1,0,0,0,0,0,0,1,0,0,0,0,0,0,0,0,1,-0.45714212526638004,0,0,1,0,0,0,-0.12292802317798708
357,22.0,1,0,0,1,0,1,0,0,0,0,0,0,0,1,0,0,0,0,0,0,0,1,0.4589861417231558,0,1,0,0,0,0,-0.5582655824520522
358,38.0,0,1,0,1,0,1,0,0,0,0,0,0,1,0,0,0,0,0,0,0,0,1,-0.3866707201133388,0,1,0,0,0,0,0.6026345756121214
359,20.103578869047606,0,0,1,1,0,1,0,0,0,0,0,0,1,0,0,0,0,0,0,0,1,0,-0.48977642625839407,0,1,0,0,0,0,-0.6958628068694818
360,20.103578869047606,0,0,1,1,0,1,0,0,0,0,0,0,1,0,0,0,0,0,0,0,1,0,-0.48977642625839407,0,1,0,0,0,0,-0.6958628068694818
361,40.0,0,0,1,0,1,0,1,0,0,0,0,0,0,0,0,0,1,0,0,0,0,1,-0.08666388103324908,0,0,1,0,0,0,0.7477470953701431
362,29.0,0,1,0,0,1,0,1,0,0,0,0,0,1,0,0,0,0,0,0,1,0,0,-0.09027201697708476,0,0,1,0,0,0,-0.05037176329897624
363,45.0,0,0,1,1,0,1,0,0,0,0,0,0,0,1,0,0,0,0,0,1,0,0,-0.3573908580066095,0,0,0,1,0,0,1.1105283947651974
364,35.0,0,0,1,0,1,1,0,0,0,0,0,0,1,0,0,0,0,0,0,0,0,1,-0.5064721088735089,0,0,1,0,0,0,0.38496579597508884
365,40.085419656038404,0,0,1,0,1,0,1,0,0,0,0,0,1,0,0,0,0,0,0,0,1,0,-0.3363340021468808,0,0,1,0,0,0,0.7539448261324412
366,30.0,0,0,1,0,1,1,0,0,0,0,0,0,1,0,0,0,0,0,0,0,0,1,-0.5024451714361923,0,0,1,0,0,0,0.022184496580034605
367,60.0,1,0,0,1,0,0,1,0,0,0,0,0,1,0,0,0,0,0,0,1,0,0,0.8667135572514657,0,0,0,1,0,0,2.19887229295036
368,28.23580055916307,0,0,1,1,0,1,0,0,0,0,0,0,1,0,0,0,0,0,0,1,0,0,-0.5028639729296732,0,0,0,1,0,0,-0.10581921652773525
369,22.316428670634913,0,0,1,1,0,1,0,0,0,0,0,0,1,0,0,0,0,0,0,0,1,0,-0.49237782784290063,0,1,0,0,0,0,-0.5353067015922954
370,24.0,1,0,0,1,0,1,0,0,0,0,0,0,1,0,0,0,0,0,0,1,0,0,0.7469121684912956,0,0,0,1,0,0,-0.41315306269403046
371,25.0,1,0,0,0,1,0,1,0,0,0,0,0,1,0,0,0,0,0,0,1,0,0,0.4678796330534696,0,0,1,0,0,0,-0.34059680281501964
372,18.0,0,0,1,0,1,0,1,0,0,0,0,0,1,0,0,0,0,0,0,0,0,1,-0.5176307525123133,0,0,1,0,0,0,-0.8484906219680955
373,19.0,0,0,1,0,1,1,0,0,0,0,0,0,1,0,0,0,0,0,0,0,0,1,-0.4863374216869257,0,0,1,0,0,0,-0.7759343620890847
374,22.0,1,0,0,0,1,1,0,0,0,0,0,0,1,0,0,0,0,0,0,1,0,0,2.0825124140450755,0,0,1,0,0,0,-0.5582655824520522
375,3.0,0,0,1,1,0,0,0,0,1,0,0,0,0,1,0,0,0,0,0,0,0,1,-0.22408312108167944,0,1,0,0,0,0,-1.9368345201532582
376,39.551166666666674,1,0,0,1,0,0,1,0,0,0,0,0,1,0,0,0,0,0,0,1,0,0,1.0060617003323709,0,0,0,1,0,0,0.7151814273944476
377,22.0,0,0,1,1,0,1,0,0,0,0,0,0,1,0,0,0,0,0,0,0,0,1,-0.5024451714361923,0,1,0,0,0,0,-0.5582655824520522
378,27.0,1,0,0,0,1,1,0,0,0,0,0,0,0,0,1,0,0,0,0,1,0,0,3.610064686423428,0,0,1,0,0,0,-0.19548428305699794
379,20.0,0,0,1,0,1,1,0,0,0,0,0,0,1,0,0,0,0,0,0,1,0,0,-0.5676312212027554,0,0,1,0,0,0,-0.7033781022100739
380,19.0,0,0,1,0,1,1,0,0,0,0,0,0,1,0,0,0,0,0,0,0,0,1,-0.4918744606632361,0,0,1,0,0,0,-0.7759343620890847
381,42.0,1,0,0,1,0,1,0,0,0,0,0,0,1,0,0,0,0,0,0,1,0,0,3.9327230485884233,0,1,0,0,0,0,0.8928596151281648
382,1.0,0,0,1,1,0,1,0,0,0,0,0,0,0,0,1,0,0,0,0,1,0,0,-0.33146744825388363,0,1,0,0,0,0,-2.08194703991128
383,32.0,0,0,1,0,1,1,0,0,0,0,0,0,1,0,0,0,0,0,0,0,0,1,-0.4888542575852486,0,0,1,0,0,0,0.1672970163380563
384,35.0,1,0,0,1,0,0,1,0,0,0,0,0,1,0,0,0,0,0,0,0,0,1,0.39858208016340624,0,0,0,1,0,0,0.38496579597508884
385,27.262214953420493,0,0,1,0,1,1,0,0,0,0,0,0,1,0,0,0,0,0,0,0,0,1,-0.4894421904510968,0,0,1,0,0,0,-0.17645894675245793
386,18.0,0,1,0,0,1,1,0,0,0,0,0,0,1,0,0,0,0,0,0,0,0,1,0.8314778546749452,0,0,1,0,0,0,-0.8484906219680955
387,1.0,0,0,1,0,1,0,0,0,0,0,1,0,0,0,1,0,0,0,0,0,0,1,0.2958951755118318,1,0,0,0,0,0,-2.08194703991128
388,36.0,0,1,0,1,0,1,0,0,0,0,0,0,1,0,0,0,0,0,0,0,0,1,-0.3866707201133388,0,1,0,0,0,0,0.45752205585409966
389,25.122296355033843,0,0,1,0,1,1,0,0,0,0,0,0,1,0,0,0,0,0,0,0,1,0,-0.49279662933638163,0,0,1,0,0,0,-0.33172343669692833
390,17.0,0,1,0,1,0,1,0,0,0,0,0,0,1,0,0,0,0,0,0,1,0,0,-0.40680540729992204,0,1,0,0,0,0,-0.9210468818471064
391,36.0,1,0,0,0,1,0,1,0,0,0,0,0,0,0,1,0,0,0,0,0,0,1,1.7677408088510642,0,0,1,0,0,0,0.45752205585409966
392,21.0,0,0,1,0,1,1,0,0,0,0,0,0,1,0,0,0,0,0,0,0,0,1,-0.49145565916975514,0,0,1,0,0,0,-0.630821842331063
393,28.0,0,0,1,0,1,0,0,1,0,0,0,0,1,0,0,0,0,0,0,0,0,1,-0.4888542575852486,0,0,1,0,0,0,-0.12292802317798708
394,23.0,1,0,0,1,0,0,1,0,0,0,0,0,1,0,0,0,0,0,0,1,0,0,1.6323350375212924,0,1,0,0,0,0,-0.48570932257304134
395,24.0,0,0,1,1,0,1,0,0,0,0,0,0,0,0,1,0,0,0,0,0,0,1,-0.312172377522981,0,0,0,1,0,0,-0.41315306269403046
396,22.0,0,0,1,0,1,1,0,0,0,0,0,0,1,0,0,0,0,0,0,0,0,1,-0.49145565916975514,0,0,1,0,0,0,-0.5582655824520522
397,31.0,0,0,1,1,0,1,0,0,0,0,0,0,1,0,0,0,0,0,0,0,0,1,-0.4902797934380587,0,1,0,0,0,0,0.09474075645904545
398,46.0,0,1,0,0,1,1,0,0,0,0,0,0,1,0,0,0,0,0,0,0,0,1,-0.12491978668775715,0,0,1,0,0,0,1.1830846546442082
399,23.0,0,1,0,0,1,1,0,0,0,0,0,0,1,0,0,0,0,0,0,0,0,1,-0.43700743807979686,0,0,0,0,1,0,-0.48570932257304134
400,28.0,0,1,0,1,0,1,0,0,0,0,0,0,1,0,0,0,0,0,0,0,0,1,-0.393717860628643,0,0,0,1,0,0,-0.12292802317798708
401,39.0,0,0,1,0,1,1,0,0,0,0,0,0,1,0,0,0,0,0,0,0,0,1,-0.4888542575852486,0,0,1,0,0,0,0.6751908354911322
402,26.0,0,0,1,0,1,1,0,0,0,0,0,0,1,0,0,0,0,0,0,0,0,1,-0.4863374216869257,0,0,1,0,0,0,-0.26804054293600876
403,21.0,0,0,1,1,0,0,1,0,0,0,0,0,1,0,0,0,0,0,0,0,0,1,-0.4505983519307405,0,1,0,0,0,0,-0.630821842331063
404,28.0,0,0,1,0,1,0,1,0,0,0,0,0,1,0,0,0,0,0,0,0,0,1,-0.32928686163157667,0,0,1,0,0,0,-0.12292802317798708
405,20.0,0,0,1,1,0,1,0,0,0,0,0,0,1,0,0,0,0,0,0,0,0,1,-0.47400492578514347,0,1,0,0,0,0,-0.7033781022100739
406,34.0,0,1,0,0,1,0,1,0,0,0,0,0,1,0,0,0,0,0,0,0,0,1,-0.22559322262067316,0,0,1,0,0,0,0.31240953609607797
407,51.0,0,0,1,0,1,1,0,0,0,0,0,0,1,0,0,0,0,0,0,0,0,1,-0.49237782784290063,0,0,1,0,0,0,1.5458659540392623
408,3.0,0,1,0,0,1,0,1,0,0,0,0,0,0,1,0,0,0,0,0,0,0,1,-0.2708962687904854,1,0,0,0,0,0,-1.9368345201532582
409,21.0,0,0,1,0,1,1,0,0,0,0,0,0,1,0,0,0,0,0,0,0,0,1,-0.4918744606632361,0,0,1,0,0,0,-0.630821842331063
410,5.717652678571428,0,0,1,1,0,0,0,0,1,0,0,0,0,1,0,0,0,0,0,0,0,1,-0.13565761536436197,0,1,0,0,0,0,-1.7396518061459396
411,27.262214953420493,0,0,1,0,1,1,0,0,0,0,0,0,1,0,0,0,0,0,0,0,0,1,-0.4894421904510968,0,0,1,0,0,0,-0.17645894675245793
412,22.949717306998558,0,0,1,0,1,1,0,0,0,0,0,0,1,0,0,0,0,0,0,0,1,0,-0.5103319284071769,0,0,1,0,0,0,-0.4893576467138705
413,33.0,1,0,0,1,0,0,1,0,0,0,0,0,1,0,0,0,0,0,0,0,1,0,1.163700193253568,0,1,0,0,0,0,0.23985327621706715
414,35.30413166502796,0,1,0,0,1,1,0,0,0,0,0,0,1,0,0,0,0,0,0,0,0,1,-0.6484216535389205,0,0,1,0,0,0,0.40703245210029376
415,44.0,0,0,1,0,1,1,0,0,0,0,0,0,1,0,0,0,0,0,0,0,0,1,-0.4888542575852486,0,0,1,0,0,0,1.0379721348861866
416,33.61951123093966,0,0,1,1,0,1,0,0,0,0,0,0,1,0,0,0,0,0,0,0,0,1,-0.4863374216869257,0,0,0,1,0,0,0.28480269408709086
417,34.0,0,1,0,1,0,0,1,0,0,0,0,0,0,1,0,0,0,0,0,0,0,1,0.005955680025033696,0,0,0,1,0,0,0.31240953609607797
418,18.0,0,1,0,1,0,1,0,0,0,0,0,0,0,0,1,0,0,0,0,0,0,1,-0.3866707201133388,0,1,0,0,0,0,-0.8484906219680955
419,30.0,0,1,0,0,1,1,0,0,0,0,0,0,1,0,0,0,0,0,0,0,0,1,-0.3866707201133388,0,0,1,0,0,0,0.022184496580034605
420,10.0,0,0,1,1,0,1,0,0,0,0,0,0,0,0,1,0,0,0,0,0,0,1,-0.1621689579829361,0,1,0,0,0,0,-1.4289407010001822
421,32.03564383066886,0,0,1,0,1,1,0,0,0,0,0,0,1,0,0,0,0,0,0,1,0,0,-0.4894421904510968,0,0,1,0,0,0,0.16988319937914959
422,21.0,0,0,1,0,1,1,0,0,0,0,0,0,1,0,0,0,0,0,0,0,1,0,-0.49271407711891657,0,0,1,0,0,0,-0.630821842331063
423,29.0,0,0,1,0,1,1,0,0,0,0,0,0,1,0,0,0,0,0,0,0,0,1,-0.4898609919445778,0,0,1,0,0,0,-0.05037176329897624
424,28.0,0,0,1,1,0,0,1,0,0,0,0,0,0,1,0,0,0,0,0,0,0,1,-0.35848215805212236,0,0,0,1,0,0,-0.12292802317798708
425,18.0,0,0,1,0,1,0,1,0,0,0,0,0,0,1,0,0,0,0,0,0,0,1,-0.2414492887801075,0,0,1,0,0,0,-0.8484906219680955
426,30.75476816205489,0,0,1,0,1,1,0,0,0,0,0,0,1,0,0,0,0,0,0,0,0,1,-0.5024451714361923,0,0,1,0,0,0,0.07694765149449263
427,28.0,0,1,0,1,0,0,1,0,0,0,0,0,1,0,0,0,0,0,0,0,0,1,-0.12491978668775715,0,0,0,1,0,0,-0.12292802317798708
428,19.0,0,1,0,1,0,1,0,0,0,0,0,0,1,0,0,0,0,0,0,0,0,1,-0.12491978668775715,0,1,0,0,0,0,-0.7759343620890847
429,44.723103061868606,0,0,1,0,1,1,0,0,0,0,0,0,1,0,0,0,0,0,0,0,1,0,-0.49237782784290063,0,0,1,0,0,0,1.0904377885624335
430,32.0,0,0,1,0,1,1,0,0,0,0,0,0,1,0,0,0,0,0,0,0,0,1,-0.4863374216869257,0,0,1,0,0,0,0.1672970163380563
431,28.0,1,0,0,0,1,1,0,0,0,0,0,0,1,0,0,0,0,0,0,0,0,1,-0.11384570873513637,0,0,1,0,0,0,-0.12292802317798708
432,27.0228,0,0,1,1,0,0,1,0,0,0,0,0,1,0,0,0,0,0,0,0,0,1,-0.32425318983493084,0,0,0,1,0,0,-0.19383000033175649
433,42.0,0,1,0,1,0,0,1,0,0,0,0,0,1,0,0,0,0,0,0,0,0,1,-0.12491978668775715,0,0,0,1,0,0,0.8928596151281648
434,17.0,0,0,1,0,1,1,0,0,0,0,0,0,1,0,0,0,0,0,0,0,0,1,-0.5049620073345151,0,0,1,0,0,0,-0.9210468818471064
435,50.0,1,0,0,0,1,0,1,0,0,0,0,0,1,0,0,0,0,0,0,0,0,1,0.4771073601910807,0,0,1,0,0,0,1.4733096941602515
436,14.0,1,0,0,1,0,0,1,0,0,0,0,0,0,0,1,0,0,0,0,0,0,1,1.7677408088510642,0,1,0,0,0,0,-1.138715661484139
437,21.0,0,0,1,1,0,0,0,1,0,0,0,0,0,0,1,0,0,0,0,0,0,1,0.04370821849987721,0,1,0,0,0,0,-0.630821842331063
438,24.0,0,1,0,1,0,0,0,1,0,0,0,0,0,0,0,1,0,0,0,0,0,1,-0.2708962687904854,0,0,0,1,0,0,-0.41315306269403046
439,64.0,1,0,0,0,1,0,1,0,0,0,0,0,0,0,0,0,1,0,0,0,0,1,4.647001076532463,0,0,1,0,0,0,2.489097332466403
440,31.0,0,1,0,0,1,1,0,0,0,0,0,0,1,0,0,0,0,0,0,0,0,1,-0.43700743807979686,0,0,1,0,0,0,0.09474075645904545
441,45.0,0,1,0,1,0,0,1,0,0,0,0,0,0,1,0,0,0,0,0,0,0,1,-0.11988611489111134,0,0,0,1,0,0,1.1105283947651974
442,20.0,0,0,1,0,1,1,0,0,0,0,0,0,1,0,0,0,0,0,0,0,0,1,-0.45714212526638004,0,0,1,0,0,0,-0.7033781022100739
443,25.0,0,0,1,0,1,0,1,0,0,0,0,0,1,0,0,0,0,0,0,0,0,1,-0.4918744606632361,0,0,1,0,0,0,-0.34059680281501964
444,28.0,0,1,0,1,0,1,0,0,0,0,0,0,1,0,0,0,0,0,0,0,0,1,-0.3866707201133388,0,0,0,1,0,0,-0.12292802317798708
445,23.47643238964372,0,0,1,0,1,1,0,0,0,0,0,0,1,0,0,0,0,0,0,0,0,1,-0.48507900373776425,0,0,1,0,0,0,-0.4511411702952735
446,4.0,1,0,0,0,1,1,0,0,0,0,0,0,0,0,1,0,0,0,0,0,0,1,0.9997696105865636,1,0,0,0,0,0,-1.8642782602742474
447,13.0,0,1,0,1,0,1,0,0,0,0,0,0,0,1,0,0,0,0,0,0,0,1,-0.255795253400548,0,1,0,0,0,0,-1.2112719213631498
448,34.0,1,0,0,0,1,1,0,0,0,0,0,0,1,0,0,0,0,0,0,0,0,1,-0.11384570873513637,0,0,1,0,0,0,0.31240953609607797
449,5.0,0,0,1,1,0,0,0,1,0,0,0,0,0,1,0,0,0,0,0,1,0,0,-0.26066180729354516,0,1,0,0,0,0,-1.7917220003952365
450,52.0,1,0,0,0,1,1,0,0,0,0,0,0,1,0,0,0,0,0,0,0,0,1,-0.034313694348132716,0,0,0,0,1,0,1.6184222139182731
451,36.0,0,1,0,0,1,0,1,0,0,0,0,0,0,0,1,0,0,0,0,0,0,1,-0.08968408411123653,0,0,1,0,0,0,0.45752205585409966
452,22.50753511904761,0,0,1,0,1,0,1,0,0,0,0,0,1,0,0,0,0,0,0,0,0,1,-0.2463983948905696,0,0,1,0,0,0,-0.5214407324567091
453,30.0,1,0,0,0,1,1,0,0,0,0,0,0,1,0,0,0,0,0,0,1,0,0,-0.08968408411123653,0,0,1,0,0,0,0.022184496580034605
454,49.0,1,0,0,0,1,0,1,0,0,0,0,0,1,0,0,0,0,0,0,1,0,0,1.145663540471827,0,0,1,0,0,0,1.4007534342812407
455,30.70572677927052,0,0,1,0,1,1,0,0,0,0,0,0,1,0,0,0,0,0,0,0,0,1,-0.4863374216869257,0,0,1,0,0,0,0.0733893921803638
456,29.0,0,0,1,0,1,1,0,0,0,0,0,0,1,0,0,0,0,0,0,1,0,0,-0.4894421904510968,0,0,1,0,0,0,-0.05037176329897624
457,65.0,1,0,0,0,1,1,0,0,0,0,0,0,1,0,0,0,0,0,0,0,0,1,-0.11384570873513637,0,0,1,0,0,0,2.561653592345414
458,41.38214186507936,1,0,0,1,0,0,1,0,0,0,0,0,1,0,0,0,0,0,0,0,0,1,0.395813560675251,0,0,0,1,0,0,0.848030139722502
459,50.0,0,1,0,1,0,1,0,0,0,0,0,0,1,0,0,0,0,0,0,0,0,1,-0.43700743807979686,0,1,0,0,0,0,1.4733096941602515
460,44.723103061868606,0,0,1,0,1,1,0,0,0,0,0,0,1,0,0,0,0,0,0,0,1,0,-0.49237782784290063,0,0,1,0,0,0,1.0904377885624335
461,48.0,1,0,0,0,1,1,0,0,0,0,0,0,1,0,0,0,0,0,0,0,0,1,-0.11384570873513637,0,0,1,0,0,0,1.3281971744022298
462,34.0,0,0,1,0,1,1,0,0,0,0,0,0,1,0,0,0,0,0,0,0,0,1,-0.4863374216869257,0,0,1,0,0,0,0.31240953609607797
463,47.0,1,0,0,0,1,1,0,0,0,0,0,0,1,0,0,0,0,0,0,0,0,1,0.12676380314453292,0,0,1,0,0,0,1.255640914523219
464,48.0,0,1,0,0,1,1,0,0,0,0,0,0,1,0,0,0,0,0,0,0,0,1,-0.3866707201133388,0,0,1,0,0,0,1.3281971744022298
465,30.70572677927052,0,0,1,0,1,1,0,0,0,0,0,0,1,0,0,0,0,0,0,0,0,1,-0.4863374216869257,0,0,1,0,0,0,0.0733893921803638
466,38.0,0,0,1,0,1,1,0,0,0,0,0,0,1,0,0,0,0,0,0,0,0,1,-0.5064721088735089,0,0,1,0,0,0,0.6026345756121214
467,35.30413166502796,0,1,0,0,1,1,0,0,0,0,0,0,1,0,0,0,0,0,0,0,0,1,-0.6484216535389205,0,0,1,0,0,0,0.40703245210029376
468,56.0,1,0,0,0,1,1,0,0,0,0,0,0,1,0,0,0,0,0,0,0,0,1,-0.11384570873513637,0,0,1,0,0,0,1.9086472534343166
469,25.122296355033843,0,0,1,0,1,1,0,0,0,0,0,0,1,0,0,0,0,0,0,0,1,0,-0.4928811950225652,0,0,1,0,0,0,-0.33172343669692833
470,0.75,0,0,1,1,0,0,0,1,0,0,0,0,0,1,0,0,0,0,0,1,0,0,-0.26066180729354516,0,1,0,0,0,0,-2.1000861048810324
471,30.75476816205489,0,0,1,0,1,1,0,0,0,0,0,0,1,0,0,0,0,0,0,0,0,1,-0.5024451714361923,0,0,1,0,0,0,0.07694765149449263
472,38.0,0,0,1,0,1,1,0,0,0,0,0,0,1,0,0,0,0,0,0,0,0,1,-0.47400492578514347,0,0,1,0,0,0,0.6026345756121214
473,33.0,0,1,0,1,0,0,1,0,0,0,0,0,0,0,1,0,0,0,0,0,0,1,-0.08968408411123653,0,0,0,1,0,0,0.23985327621706715
474,23.0,0,1,0,1,0,1,0,0,0,0,0,0,1,0,0,0,0,0,0,1,0,0,-0.3707300882677209,0,0,0,1,0,0,-0.48570932257304134
475,22.0,0,0,1,1,0,1,0,0,0,0,0,0,1,0,0,0,0,0,0,0,0,1,-0.45034666834090825,0,1,0,0,0,0,-0.5582655824520522
476,45.44710654761905,1,0,0,0,1,1,0,0,0,0,0,0,1,0,0,0,0,0,0,0,0,1,0.39858208016340624,0,0,1,0,0,0,1.1429687736278524
477,34.0,0,1,0,0,1,0,1,0,0,0,0,0,1,0,0,0,0,0,0,0,0,1,-0.22559322262067316,0,0,1,0,0,0,0.31240953609607797
478,29.0,0,0,1,0,1,0,1,0,0,0,0,0,1,0,0,0,0,0,0,0,0,1,-0.5065566745596926,0,0,1,0,0,0,-0.05037176329897624
479,22.0,0,0,1,0,1,1,0,0,0,0,0,0,1,0,0,0,0,0,0,0,0,1,-0.4969926981460655,0,0,1,0,0,0,-0.5582655824520522
480,2.0,0,0,1,1,0,1,0,0,0,0,0,0,0,1,0,0,0,0,0,0,0,1,-0.4010166847337793,0,1,0,0,0,0,-2.0093907800322692
481,9.0,0,0,1,0,1,0,0,0,0,0,1,0,0,0,1,0,0,0,0,0,0,1,0.2958951755118318,1,0,0,0,0,0,-1.5014969608791933
482,35.30413166502796,0,1,0,0,1,1,0,0,0,0,0,0,1,0,0,0,0,0,0,0,0,1,-0.6484216535389205,0,0,1,0,0,0,0.40703245210029376
483,50.0,0,0,1,0,1,1,0,0,0,0,0,0,1,0,0,0,0,0,0,0,0,1,-0.4863374216869257,0,0,1,0,0,0,1.4733096941602515
484,63.0,0,0,1,1,0,1,0,0,0,0,0,0,1,0,0,0,0,0,0,0,0,1,-0.455380340137554,0,0,0,1,0,0,2.416541072587392
485,25.0,1,0,0,0,1,0,1,0,0,0,0,0,1,0,0,0,0,0,0,1,0,0,1.1854295476653287,0,0,1,0,0,0,-0.34059680281501964
486,5.717652678571428,0,0,1,1,0,0,0,0,1,0,0,0,0,1,0,0,0,0,0,0,0,1,-0.13565761536436197,0,1,0,0,0,0,-1.7396518061459396
487,35.0,1,0,0,1,0,0,1,0,0,0,0,0,1,0,0,0,0,0,0,0,0,1,1.163700193253568,0,0,0,1,0,0,0.38496579597508884
488,58.0,1,0,0,0,1,1,0,0,0,0,0,0,1,0,0,0,0,0,0,1,0,0,-0.05042144409739929,0,0,1,0,0,0,2.0537597731923385
489,30.0,0,0,1,0,1,1,0,0,0,0,0,0,1,0,0,0,0,0,0,0,0,1,-0.4863374216869257,0,0,1,0,0,0,0.022184496580034605
490,9.0,0,0,1,0,1,0,1,0,0,0,0,0,0,1,0,0,0,0,0,0,0,1,-0.32828012727224753,1,0,0,0,0,0,-1.5014969608791933
491,22.50753511904761,0,0,1,0,1,0,1,0,0,0,0,0,1,0,0,0,0,0,0,0,0,1,-0.2463983948905696,0,0,1,0,0,0,-0.5214407324567091
492,21.0,0,0,1,0,1,1,0,0,0,0,0,0,1,0,0,0,0,0,0,0,0,1,-0.5024451714361923,0,0,1,0,0,0,-0.630821842331063
493,55.0,1,0,0,0,1,1,0,0,0,0,0,0,1,0,0,0,0,0,0,0,0,1,-0.034313694348132716,0,0,1,0,0,0,1.8360909935553058
494,71.0,1,0,0,0,1,1,0,0,0,0,0,0,1,0,0,0,0,0,0,1,0,0,0.3483299278831318,0,0,1,0,0,0,2.996991151619479
495,21.0,0,0,1,0,1,1,0,0,0,0,0,0,1,0,0,0,0,0,0,0,0,1,-0.4863374216869257,0,0,1,0,0,0,-0.630821842331063
496,23.785773908730157,0,0,1,0,1,1,0,0,0,0,0,0,1,0,0,0,0,0,0,1,0,0,-0.3573083057891445,0,0,1,0,0,0,-0.4286965066450699
497,54.0,1,0,0,1,0,0,1,0,0,0,0,0,1,0,0,0,0,0,0,1,0,0,0.9274538680872313,0,1,0,0,0,0,1.763534733676295
498,25.69478878968254,0,0,1,0,1,1,0,0,0,0,0,0,1,0,0,0,0,0,0,0,0,1,-0.3443878770215141,0,0,1,0,0,0,-0.2901855268297898
499,25.0,1,0,0,1,0,0,1,0,0,0,0,0,0,0,1,0,0,0,0,0,0,1,2.4029901895877646,0,0,0,1,0,0,-0.34059680281501964
500,24.0,0,0,1,0,1,1,0,0,0,0,0,0,1,0,0,0,0,0,0,0,0,1,-0.49145565916975514,0,0,1,0,0,0,-0.41315306269403046
501,17.0,0,0,1,0,1,1,0,0,0,0,0,0,1,0,0,0,0,0,0,0,0,1,-0.47400492578514347,0,0,1,0,0,0,-0.9210468818471064
502,21.0,0,0,1,1,0,1,0,0,0,0,0,0,1,0,0,0,0,0,0,0,1,0,-0.49237782784290063,0,1,0,0,0,0,-0.630821842331063
503,18.201152876984118,0,0,1,1,0,1,0,0,0,0,0,0,1,0,0,0,0,0,0,0,1,0,-0.4948100980550399,0,1,0,0,0,0,-0.8338957215502252
504,37.0,0,0,1,1,0,1,0,0,0,0,0,0,1,0,0,0,0,0,0,0,0,1,-0.455380340137554,0,1,0,0,0,0,0.5300783157331105
505,16.0,1,0,0,1,0,1,0,0,0,0,0,0,1,0,0,0,0,0,0,0,0,1,1.093228788100527,0,1,0,0,0,0,-0.9936031417261172
506,18.0,1,0,0,0,1,0,1,0,0,0,0,0,1,0,0,0,0,0,0,1,0,0,1.5442457810799908,0,0,1,0,0,0,-0.8484906219680955
507,33.0,0,1,0,1,0,1,0,0,0,0,0,0,0,0,1,0,0,0,0,0,0,1,-0.12491978668775715,0,0,0,1,0,0,0.23985327621706715
508,50.174505973672396,1,0,0,0,1,1,0,0,0,0,0,0,1,0,0,0,0,0,0,0,0,1,-0.11384570873513637,0,0,1,0,0,0,1.4859711949364658
509,28.0,0,0,1,0,1,1,0,0,0,0,0,0,1,0,0,0,0,0,0,0,0,1,-0.1948878246611338,0,0,1,0,0,0,-0.12292802317798708
510,26.0,0,0,1,0,1,1,0,0,0,0,0,0,1,0,0,0,0,0,0,0,0,1,0.48910360681684706,0,0,1,0,0,0,-0.26804054293600876
511,29.0,0,0,1,0,1,1,0,0,0,0,0,0,1,0,0,0,0,0,0,0,1,0,-0.49237782784290063,0,0,1,0,0,0,-0.05037176329897624
512,30.70572677927052,0,0,1,0,1,1,0,0,0,0,0,0,1,0,0,0,0,0,0,0,0,1,-0.4863374216869257,0,0,1,0,0,0,0.0733893921803638
513,36.0,1,0,0,0,1,1,0,0,0,0,0,0,1,0,0,0,0,0,0,0,0,1,-0.11913106412161445,0,0,1,0,0,0,0.45752205585409966
514,54.0,1,0,0,1,0,0,1,0,0,0,0,0,1,0,0,0,0,0,0,1,0,0,0.5475787653441219,0,0,0,1,0,0,1.763534733676295
515,24.0,0,0,1,0,1,1,0,0,0,0,0,0,1,0,0,0,0,0,0,0,0,1,-0.4974960653257301,0,0,1,0,0,0,-0.41315306269403046
516,47.0,1,0,0,0,1,1,0,0,0,0,0,0,1,0,0,0,0,0,0,0,0,1,0.036576512298389464,0,0,1,0,0,0,1.255640914523219
517,34.0,0,1,0,1,0,1,0,0,0,0,0,0,1,0,0,0,0,0,0,0,0,1,-0.43700743807979686,0,0,0,1,0,0,0.31240953609607797
518,40.43892118020868,0,0,1,0,1,1,0,0,0,0,0,0,1,0,0,0,0,0,0,0,1,0,-0.1621689579829361,0,0,1,0,0,0,0.7795935745877662
519,36.0,0,1,0,1,0,0,1,0,0,0,0,0,1,0,0,0,0,0,0,0,0,1,-0.12491978668775715,0,0,0,1,0,0,0.45752205585409966
520,32.0,0,0,1,0,1,1,0,0,0,0,0,0,1,0,0,0,0,0,0,0,0,1,-0.4894421904510968,0,0,1,0,0,0,0.1672970163380563
521,30.0,1,0,0,1,0,1,0,0,0,0,0,0,1,0,0,0,0,0,0,0,0,1,1.2341715984066093,0,1,0,0,0,0,0.022184496580034605
522,22.0,0,0,1,0,1,1,0,0,0,0,0,0,1,0,0,0,0,0,0,0,0,1,-0.4894421904510968,0,0,1,0,0,0,-0.5582655824520522
523,32.3798061750749,0,0,1,0,1,1,0,0,0,0,0,0,1,0,0,0,0,0,0,1,0,0,-0.5029485386158568,0,0,1,0,0,0,0.19485433188044363
524,44.0,1,0,0,1,0,1,0,0,0,0,0,0,0,1,0,0,0,0,0,1,0,0,0.5189714017894245,0,0,0,1,0,0,1.0379721348861866
525,24.825443107586917,0,0,1,0,1,1,0,0,0,0,0,0,1,0,0,0,0,0,0,1,0,0,-0.5028639729296732,0,0,1,0,0,0,-0.3532619980646158
526,40.5,0,0,1,0,1,1,0,0,0,0,0,0,1,0,0,0,0,0,0,0,1,0,-0.49237782784290063,0,0,1,0,0,0,0.7840252253096485
527,50.0,0,1,0,1,0,1,0,0,0,0,0,0,1,0,0,0,0,0,0,0,0,1,-0.43700743807979686,0,1,0,0,0,0,1.4733096941602515
528,29.14088333333333,1,0,0,0,1,1,0,0,0,0,0,0,1,0,0,0,0,0,0,0,0,1,3.817033162951754,0,0,1,0,0,0,-0.04014979555302175
529,39.0,0,0,1,0,1,1,0,0,0,0,0,0,1,0,0,0,0,0,0,0,0,1,-0.4888542575852486,0,0,1,0,0,0,0.6751908354911322
530,23.0,0,1,0,0,1,0,0,1,0,0,0,0,0,1,0,0,0,0,0,0,0,1,-0.41687275089321363,0,0,1,0,0,0,-0.48570932257304134
531,2.0,0,1,0,1,0,0,1,0,0,0,0,0,0,1,0,0,0,0,0,0,0,1,-0.12491978668775715,0,1,0,0,0,0,-2.0093907800322692
532,24.825443107586917,0,0,1,0,1,1,0,0,0,0,0,0,1,0,0,0,0,0,0,1,0,0,-0.5028639729296732,0,0,1,0,0,0,-0.3532619980646158
533,17.0,0,0,1,0,1,0,1,0,0,0,0,0,0,1,0,0,0,0,0,1,0,0,-0.5028639729296732,0,0,1,0,0,0,-0.9210468818471064
534,30.146291666666663,0,0,1,1,0,1,0,0,0,0,0,0,0,0,1,0,0,0,0,1,0,0,-0.19824427701513722,0,0,0,1,0,0,0.03279887276483463
535,30.0,0,0,1,1,0,1,0,0,0,0,0,0,1,0,0,0,0,0,0,0,0,1,-0.47400492578514347,0,1,0,0,0,0,0.022184496580034605
536,7.0,0,1,0,1,0,1,0,0,0,0,0,0,0,0,1,0,0,0,0,0,0,1,-0.11988611489111134,0,1,0,0,0,0,-1.646609480637215
537,45.0,1,0,0,0,1,1,0,0,0,0,0,0,1,0,0,0,0,0,0,0,0,1,-0.11384570873513637,0,0,0,0,1,0,1.1105283947651974
538,30.0,1,0,0,1,0,1,0,0,0,0,0,0,1,0,0,0,0,0,0,1,0,0,1.4944124302931971,0,1,0,0,0,0,0.022184496580034605
539,23.955897123015873,0,0,1,0,1,1,0,0,0,0,0,0,1,0,0,0,0,0,0,0,0,1,-0.35646868933346404,0,0,1,0,0,0,-0.4163530024979028
540,22.0,1,0,0,1,0,1,0,0,0,0,0,0,0,0,1,0,0,0,0,1,0,0,0.3482453621969482,0,1,0,0,0,0,-0.5582655824520522
541,36.0,1,0,0,1,0,1,0,0,0,0,0,0,0,0,1,0,0,0,0,0,0,1,0.7811411367084872,0,1,0,0,0,0,0.45752205585409966
542,9.0,0,0,1,1,0,0,0,0,0,1,0,0,0,0,1,0,0,0,0,0,0,1,-0.01870931177853076,0,1,0,0,0,0,-1.5014969608791933
543,11.0,0,0,1,1,0,0,0,0,0,1,0,0,0,0,1,0,0,0,0,0,0,1,-0.01870931177853076,0,1,0,0,0,0,-1.3563844411211714
544,32.0,0,1,0,0,1,0,1,0,0,0,0,0,1,0,0,0,0,0,0,0,0,1,-0.12491978668775715,0,0,1,0,0,0,0.1672970163380563
545,50.0,1,0,0,0,1,0,1,0,0,0,0,0,1,0,0,0,0,0,0,1,0,0,1.4944124302931971,0,0,1,0,0,0,1.4733096941602515
546,64.0,1,0,0,0,1,1,0,0,0,0,0,0,1,0,0,0,0,0,0,0,0,1,-0.12491978668775715,0,0,1,0,0,0,2.489097332466403
547,19.0,0,1,0,1,0,0,1,0,0,0,0,0,1,0,0,0,0,0,0,0,0,1,-0.12491978668775715,0,0,0,1,0,0,-0.7759343620890847
548,33.47299803785029,0,1,0,0,1,1,0,0,0,0,0,0,1,0,0,0,0,0,0,1,0,0,-0.3693045524149108,0,0,1,0,0,0,0.2741722447735949
549,33.0,0,0,1,0,1,0,1,0,0,0,0,0,0,1,0,0,0,0,0,0,0,1,-0.2351571990343002,0,0,1,0,0,0,0.23985327621706715
550,8.0,0,1,0,0,1,0,1,0,0,0,0,0,0,1,0,0,0,0,0,0,0,1,0.09152810056801232,1,0,0,0,0,0,-1.574053220758204
551,17.0,1,0,0,0,1,1,0,0,0,0,0,0,0,0,1,0,0,0,0,1,0,0,1.5841789061771412,0,0,1,0,0,0,-0.9210468818471064
552,27.0,0,1,0,0,1,1,0,0,0,0,0,0,1,0,0,0,0,0,0,0,0,1,-0.12491978668775715,0,0,1,0,0,0,-0.19548428305699794
553,40.895529235001064,0,0,1,0,1,1,0,0,0,0,0,0,1,0,0,0,0,0,0,0,1,0,-0.49078316061772326,0,0,1,0,0,0,0.812723347274132
554,22.0,0,0,1,0,1,1,0,0,0,0,0,0,1,0,0,0,0,0,0,1,0,0,-0.5029485386158568,0,0,1,0,0,0,-0.5582655824520522
555,22.0,0,0,1,1,0,1,0,0,0,0,0,0,1,0,0,0,0,0,0,0,0,1,-0.4918744606632361,0,1,0,0,0,0,-0.5582655824520522
556,62.0,1,0,0,0,1,1,0,0,0,0,0,0,1,0,0,0,0,0,0,0,0,1,-0.11384570873513637,0,0,1,0,0,0,2.3439848127083813
557,48.0,1,0,0,1,0,0,1,0,0,0,0,0,1,0,0,0,0,0,0,1,0,0,0.1489119590497745,0,0,0,0,0,1,1.3281971744022298
558,25.959149999999998,1,0,0,0,1,1,0,0,0,0,0,0,1,0,0,0,0,0,0,1,0,0,3.9327230485884233,0,0,1,0,0,0,-0.2710044661520666
559,39.0,1,0,0,1,0,0,1,0,0,0,0,0,0,1,0,0,0,0,0,0,0,1,0.955306180872432,0,0,0,1,0,0,0.6751908354911322
560,36.0,0,0,1,1,0,0,1,0,0,0,0,0,1,0,0,0,0,0,0,0,0,1,-0.29807809649237277,0,0,0,1,0,0,0.45752205585409966
561,44.723103061868606,0,0,1,0,1,1,0,0,0,0,0,0,1,0,0,0,0,0,0,0,1,0,-0.49237782784290063,0,0,1,0,0,0,1.0904377885624335
562,40.0,0,0,1,0,1,1,0,0,0,0,0,0,1,0,0,0,0,0,0,0,0,1,-0.4894421904510968,0,0,1,0,0,0,0.7477470953701431
563,28.0,0,1,0,0,1,1,0,0,0,0,0,0,1,0,0,0,0,0,0,0,0,1,-0.3766033765200472,0,0,1,0,0,0,-0.12292802317798708
564,30.70572677927052,0,0,1,0,1,1,0,0,0,0,0,0,1,0,0,0,0,0,0,0,0,1,-0.4863374216869257,0,0,1,0,0,0,0.0733893921803638
565,24.875909271284296,0,0,1,1,0,1,0,0,0,0,0,0,1,0,0,0,0,0,0,0,0,1,-0.4863374216869257,0,1,0,0,0,0,-0.3496003619762921
566,24.0,0,0,1,0,1,0,0,1,0,0,0,0,1,0,0,0,0,0,0,0,0,1,-0.1621689579829361,0,0,1,0,0,0,-0.41315306269403046
567,19.0,0,0,1,0,1,1,0,0,0,0,0,0,1,0,0,0,0,0,0,0,0,1,-0.4894421904510968,0,0,1,0,0,0,-0.7759343620890847
568,29.0,0,0,1,1,0,1,0,0,0,0,0,0,0,0,0,0,1,0,0,0,0,1,-0.22408312108167944,0,0,0,1,0,0,-0.05037176329897624
569,24.825443107586917,0,0,1,0,1,1,0,0,0,0,0,0,1,0,0,0,0,0,0,1,0,0,-0.5028639729296732,0,0,1,0,0,0,-0.3532619980646158
570,32.0,0,0,1,0,1,1,0,0,0,0,0,0,1,0,0,0,0,0,0,0,0,1,-0.4902797934380587,0,0,1,0,0,0,0.1672970163380563
571,62.0,0,1,0,0,1,1,0,0,0,0,0,0,1,0,0,0,0,0,0,0,0,1,-0.43700743807979686,0,0,1,0,0,0,2.3439848127083813
572,53.0,1,0,0,1,0,0,0,1,0,0,0,0,1,0,0,0,0,0,0,0,0,1,0.38809593507663365,0,0,0,1,0,0,1.6909784737972842
573,36.0,1,0,0,0,1,1,0,0,0,0,0,0,1,0,0,0,0,0,0,0,0,1,-0.11711759540295616,0,0,1,0,0,0,0.45752205585409966
574,22.316428670634913,0,0,1,1,0,1,0,0,0,0,0,0,1,0,0,0,0,0,0,0,1,0,-0.49237782784290063,0,1,0,0,0,0,-0.5353067015922954
575,16.0,0,0,1,0,1,1,0,0,0,0,0,0,1,0,0,0,0,0,0,0,0,1,-0.4863374216869257,0,0,1,0,0,0,-0.9936031417261172
576,19.0,0,0,1,0,1,1,0,0,0,0,0,0,1,0,0,0,0,0,0,0,0,1,-0.35646868933346404,0,0,1,0,0,0,-0.7759343620890847
577,34.0,0,1,0,1,0,1,0,0,0,0,0,0,1,0,0,0,0,0,0,0,0,1,-0.3866707201133388,0,1,0,0,0,0,0.31240953609607797
578,39.0,1,0,0,1,0,0,1,0,0,0,0,0,1,0,0,0,0,0,0,0,0,1,0.4771073601910807,0,0,0,1,0,0,0.6751908354911322
579,22.320558333333338,0,0,1,1,0,0,1,0,0,0,0,0,1,0,0,0,0,0,0,1,0,0,-0.3573083057891445,0,0,0,1,0,0,-0.5350070687123359
580,32.0,0,0,1,0,1,1,0,0,0,0,0,0,1,0,0,0,0,0,0,0,0,1,-0.4888542575852486,0,0,1,0,0,0,0.1672970163380563
581,25.0,0,1,0,1,0,0,1,0,0,0,0,0,0,1,0,0,0,0,0,0,0,1,-0.04438103794142432,0,1,0,0,0,0,-0.34059680281501964
582,39.0,1,0,0,1,0,0,1,0,0,0,0,0,0,1,0,0,0,0,0,1,0,0,1.5841789061771412,0,0,0,1,0,0,0.6751908354911322
583,54.0,0,1,0,0,1,1,0,0,0,0,0,0,1,0,0,0,0,0,0,0,0,1,-0.12491978668775715,0,0,1,0,0,0,1.763534733676295
584,36.0,1,0,0,0,1,1,0,0,0,0,0,0,1,0,0,0,0,0,0,1,0,0,0.15948266982273065,0,0,1,0,0,0,0.45752205585409966
585,30.374035377245303,0,0,1,0,1,1,0,0,0,0,0,0,1,0,0,0,0,0,0,1,0,0,-0.47299819142581434,0,0,1,0,0,0,0.04932310461538864
586,18.0,1,0,0,1,0,1,0,0,0,0,0,0,0,0,1,0,0,0,0,0,0,1,0.955306180872432,0,1,0,0,0,0,-0.8484906219680955
587,47.0,0,1,0,0,1,1,0,0,0,0,0,0,1,0,0,0,0,0,0,0,0,1,-0.3464013457401724,0,0,1,0,0,0,1.255640914523219
588,60.0,1,0,0,0,1,0,1,0,0,0,0,0,0,1,0,0,0,0,0,1,0,0,0.9462455716384695,0,0,1,0,0,0,2.19887229295036
589,22.0,0,0,1,0,1,1,0,0,0,0,0,0,1,0,0,0,0,0,0,0,0,1,-0.4863374216869257,0,0,1,0,0,0,-0.5582655824520522
590,30.70572677927052,0,0,1,0,1,1,0,0,0,0,0,0,1,0,0,0,0,0,0,0,0,1,-0.4863374216869257,0,0,1,0,0,0,0.0733893921803638
591,35.0,0,0,1,0,1,1,0,0,0,0,0,0,1,0,0,0,0,0,0,0,0,1,-0.5049620073345151,0,0,1,0,0,0,0.38496579597508884
592,52.0,1,0,0,1,0,0,1,0,0,0,0,0,1,0,0,0,0,0,0,1,0,0,0.9274538680872313,0,0,0,1,0,0,1.6184222139182731
593,47.0,0,0,1,0,1,1,0,0,0,0,0,0,1,0,0,0,0,0,0,0,0,1,-0.5024451714361923,0,0,1,0,0,0,1.255640914523219
594,10.723017559523809,0,0,1,1,0,1,0,0,0,0,0,0,0,0,1,0,0,0,0,0,1,0,-0.49237782784290063,0,1,0,0,0,0,-1.3764812510542848
595,37.0,0,1,0,0,1,0,1,0,0,0,0,0,1,0,0,0,0,0,0,0,0,1,-0.12491978668775715,0,0,1,0,0,0,0.5300783157331105
596,36.0,0,0,1,0,1,0,1,0,0,0,0,0,0,1,0,0,0,0,0,0,0,1,-0.1621689579829361,0,0,1,0,0,0,0.45752205585409966
597,24.101427957100526,0,1,0,1,0,1,0,0,0,0,0,0,1,0,0,0,0,0,0,0,0,1,0.016023023618325298,0,1,0,0,0,0,-0.40579382947964754
598,49.0,0,0,1,0,1,1,0,0,0,0,0,0,1,0,0,0,0,0,0,0,0,1,-0.6484216535389205,0,0,1,0,0,0,1.4007534342812407
599,32.3798061750749,0,0,1,0,1,1,0,0,0,0,0,0,1,0,0,0,0,0,0,1,0,0,-0.5029485386158568,0,0,1,0,0,0,0.19485433188044363
600,49.0,1,0,0,0,1,0,1,0,0,0,0,0,1,0,0,0,0,0,0,1,0,0,0.49782998024351216,0,0,0,0,0,1,1.4007534342812407
601,24.0,0,1,0,1,0,0,0,1,0,0,0,0,0,1,0,0,0,0,0,0,0,1,-0.10478509950117394,0,0,0,1,0,0,-0.41315306269403046
602,27.262214953420493,0,0,1,0,1,1,0,0,0,0,0,0,1,0,0,0,0,0,0,0,0,1,-0.4894421904510968,0,0,1,0,0,0,-0.17645894675245793
603,38.42532380952379,1,0,0,0,1,1,0,0,0,0,0,0,1,0,0,0,0,0,0,0,0,1,0.2052890831722074,0,0,1,0,0,0,0.6334944804686603
604,44.0,0,0,1,0,1,1,0,0,0,0,0,0,1,0,0,0,0,0,0,0,0,1,-0.4863374216869257,0,0,1,0,0,0,1.0379721348861866
605,35.0,1,0,0,0,1,1,0,0,0,0,0,0,1,0,0,0,0,0,0,1,0,0,-0.11384570873513637,0,0,1,0,0,0,0.38496579597508884
606,36.0,0,0,1,0,1,0,1,0,0,0,0,0,1,0,0,0,0,0,0,0,0,1,-0.3353272677875516,0,0,1,0,0,0,0.45752205585409966
607,30.0,0,0,1,0,1,1,0,0,0,0,0,0,1,0,0,0,0,0,0,0,0,1,-0.4894421904510968,0,0,1,0,0,0,0.022184496580034605
608,27.0,1,0,0,0,1,1,0,0,0,0,0,0,1,0,0,0,0,0,0,0,0,1,-0.034313694348132716,0,0,1,0,0,0,-0.19548428305699794
609,22.0,0,1,0,1,0,0,1,0,0,0,0,0,0,0,1,0,0,0,0,1,0,0,0.18876253192945994,0,0,0,1,0,0,-0.5582655824520522
610,40.0,1,0,0,1,0,1,0,0,0,0,0,0,1,0,0,0,0,0,0,0,0,1,2.441497778832105,0,1,0,0,0,0,0.7477470953701431
611,39.0,0,0,1,1,0,0,1,0,0,0,0,0,0,0,0,0,0,1,0,0,0,1,-0.01870931177853076,0,0,0,1,0,0,0.6751908354911322
612,27.87373698662446,0,0,1,0,1,1,0,0,0,0,0,0,1,0,0,0,0,0,0,0,0,1,-0.5064721088735089,0,0,1,0,0,0,-0.13208919518956969
613,17.054832936507935,0,0,1,1,0,0,1,0,0,0,0,0,1,0,0,0,0,0,0,0,1,0,-0.3363340021468808,0,1,0,0,0,0,-0.9170684090559074
614,44.723103061868606,0,0,1,0,1,1,0,0,0,0,0,0,1,0,0,0,0,0,0,0,1,0,-0.49237782784290063,0,0,1,0,0,0,1.0904377885624335
615,35.0,0,0,1,0,1,1,0,0,0,0,0,0,1,0,0,0,0,0,0,0,0,1,-0.4863374216869257,0,0,1,0,0,0,0.38496579597508884
616,24.0,0,1,0,1,0,0,1,0,0,0,0,0,0,0,1,0,0,0,0,0,0,1,0.6603330135889879,0,1,0,0,0,0,-0.41315306269403046
617,34.0,0,0,1,0,1,0,1,0,0,0,0,0,0,1,0,0,0,0,0,0,0,1,-0.35848215805212236,0,0,1,0,0,0,0.31240953609607797
618,26.0,0,0,1,1,0,0,1,0,0,0,0,0,1,0,0,0,0,0,0,0,0,1,-0.32425318983493084,0,0,0,1,0,0,-0.26804054293600876
619,4.0,0,1,0,1,0,0,0,1,0,0,0,0,0,1,0,0,0,0,0,0,0,1,0.13683114673782454,0,1,0,0,0,0,-1.8642782602742474
620,26.0,0,1,0,0,1,1,0,0,0,0,0,0,1,0,0,0,0,0,0,0,0,1,-0.43700743807979686,0,0,1,0,0,0,-0.26804054293600876
621,27.0,0,0,1,0,1,0,1,0,0,0,0,0,1,0,0,0,0,0,0,1,0,0,-0.3573908580066095,0,0,1,0,0,0,-0.19548428305699794
622,42.0,1,0,0,0,1,0,1,0,0,0,0,0,1,0,0,0,0,0,0,0,0,1,0.40974072380221066,0,0,1,0,0,0,0.8928596151281648
623,20.0,0,0,1,0,1,0,1,0,0,0,0,0,0,1,0,0,0,0,0,1,0,0,-0.33146744825388363,0,0,1,0,0,0,-0.7033781022100739
624,21.0,0,0,1,0,1,1,0,0,0,0,0,0,1,0,0,0,0,0,0,0,0,1,-0.4902797934380587,0,0,1,0,0,0,-0.630821842331063
625,21.0,0,0,1,0,1,1,0,0,0,0,0,0,1,0,0,0,0,0,0,0,0,1,-0.32425318983493084,0,0,1,0,0,0,-0.630821842331063
626,61.0,1,0,0,0,1,1,0,0,0,0,0,0,1,0,0,0,0,0,0,0,0,1,0.002347544081197954,0,0,1,0,0,0,2.271428552829371
627,57.0,0,1,0,0,1,1,0,0,0,0,0,0,1,0,0,0,0,0,0,0,1,0,-0.3997582667846179,0,0,0,0,1,0,1.9812035133133274
628,21.0,1,0,0,1,0,1,0,0,0,0,0,0,1,0,0,0,0,0,0,0,0,1,0.921244330558889,0,1,0,0,0,0,-0.630821842331063
629,26.0,0,0,1,0,1,1,0,0,0,0,0,0,1,0,0,0,0,0,0,0,0,1,-0.4894421904510968,0,0,1,0,0,0,-0.26804054293600876
630,25.122296355033843,0,0,1,0,1,1,0,0,0,0,0,0,1,0,0,0,0,0,0,0,1,0,-0.49271407711891657,0,0,1,0,0,0,-0.33172343669692833
631,80.0,1,0,0,0,1,1,0,0,0,0,0,0,1,0,0,0,0,0,0,0,0,1,-0.04438103794142432,0,0,1,0,0,0,3.6499974905305765
632,51.0,0,0,1,0,1,1,0,0,0,0,0,0,1,0,0,0,0,0,0,0,0,1,-0.5063875431873253,0,0,1,0,0,0,1.5458659540392623
633,32.0,1,0,0,0,1,1,0,0,0,0,0,0,1,0,0,0,0,0,0,1,0,0,-0.034313694348132716,0,0,0,0,1,0,0.1672970163380563
634,39.1967382936508,1,0,0,0,1,1,0,0,0,0,0,0,1,0,0,0,0,0,0,0,0,1,-0.6484216535389205,0,0,1,0,0,0,0.689465430253413
635,9.0,0,0,1,1,0,0,0,0,1,0,0,0,0,0,1,0,0,0,0,0,0,1,-0.08666388103324908,0,1,0,0,0,0,-1.5014969608791933
636,28.0,0,1,0,1,0,1,0,0,0,0,0,0,1,0,0,0,0,0,0,0,0,1,-0.3866707201133388,0,1,0,0,0,0,-0.12292802317798708
637,32.0,0,0,1,0,1,1,0,0,0,0,0,0,1,0,0,0,0,0,0,0,0,1,-0.4888542575852486,0,0,1,0,0,0,0.1672970163380563
638,31.0,0,1,0,0,1,0,1,0,0,0,0,0,0,1,0,0,0,0,0,0,0,1,-0.11988611489111134,0,0,1,0,0,0,0.09474075645904545
639,41.0,0,0,1,1,0,1,0,0,0,0,0,0,0,0,0,0,0,1,0,0,0,1,0.1506737441786005,0,0,0,1,0,0,0.8203033552491539
640,27.195555357142847,0,0,1,0,1,0,1,0,0,0,0,0,1,0,0,0,0,0,0,0,0,1,-0.32425318983493084,0,0,1,0,0,0,-0.1812955177434087
641,20.0,0,0,1,0,1,1,0,0,0,0,0,0,1,0,0,0,0,0,0,0,0,1,-0.4902797934380587,0,0,1,0,0,0,-0.7033781022100739
642,24.0,1,0,0,1,0,1,0,0,0,0,0,0,1,0,0,0,0,0,0,1,0,0,0.7469121684912956,0,1,0,0,0,0,-0.41315306269403046
643,2.0,0,0,1,1,0,0,0,0,1,0,0,0,0,0,1,0,0,0,0,0,0,1,-0.08666388103324908,0,1,0,0,0,0,-2.0093907800322692
644,29.300423088023052,0,0,1,0,1,1,0,0,0,0,0,0,1,0,0,0,0,0,0,0,0,1,0.48910360681684706,0,0,1,0,0,0,-0.028574187650720707
645,0.75,0,0,1,1,0,0,0,1,0,0,0,0,0,1,0,0,0,0,0,1,0,0,-0.26066180729354516,0,1,0,0,0,0,-2.1000861048810324
646,48.0,1,0,0,0,1,0,1,0,0,0,0,0,1,0,0,0,0,0,0,1,0,0,0.8964967865378598,0,0,1,0,0,0,1.3281971744022298
647,19.0,0,0,1,0,1,1,0,0,0,0,0,0,1,0,0,0,0,0,0,0,0,1,-0.4894421904510968,0,0,1,0,0,0,-0.7759343620890847
648,56.0,1,0,0,0,1,1,0,0,0,0,0,0,1,0,0,0,0,0,0,1,0,0,0.06635974158478332,0,0,0,0,1,0,1.9086472534343166
649,35.45242023809524,0,0,1,0,1,1,0,0,0,0,0,0,1,0,0,0,0,0,0,0,0,1,-0.49640476528021726,0,0,1,0,0,0,0.41779171634485124
650,23.0,0,0,1,1,0,1,0,0,0,0,0,0,1,0,0,0,0,0,0,0,0,1,-0.49640476528021726,0,1,0,0,0,0,-0.48570932257304134
651,27.262214953420493,0,0,1,0,1,1,0,0,0,0,0,0,1,0,0,0,0,0,0,0,0,1,-0.4894421904510968,0,0,1,0,0,0,-0.17645894675245793
652,18.0,0,1,0,1,0,1,0,0,0,0,0,0,0,1,0,0,0,0,0,0,0,1,-0.18532384824750675,0,1,0,0,0,0,-0.8484906219680955
653,21.0,0,0,1,0,1,1,0,0,0,0,0,0,1,0,0,0,0,0,0,0,0,1,-0.47861979608830835,0,0,1,0,0,0,-0.630821842331063
654,20.04408323412698,0,0,1,1,0,1,0,0,0,0,0,0,1,0,0,0,0,0,0,0,1,0,-0.49078316061772326,0,1,0,0,0,0,-0.7001795876184495
655,18.0,0,0,1,1,0,1,0,0,0,0,0,0,1,0,0,0,0,0,0,0,1,0,-0.5125125150294839,0,1,0,0,0,0,-0.8484906219680955
656,24.0,0,1,0,0,1,0,0,1,0,0,0,0,1,0,0,0,0,0,0,0,0,1,0.8314778546749452,0,0,1,0,0,0,-0.41315306269403046
657,27.262214953420493,0,0,1,0,1,1,0,0,0,0,0,0,1,0,0,0,0,0,0,0,0,1,-0.4894421904510968,0,0,1,0,0,0,-0.17645894675245793
658,32.0,0,0,1,1,0,0,1,0,0,0,0,0,0,1,0,0,0,0,0,0,1,0,-0.3363340021468808,0,0,0,1,0,0,0.1672970163380563
659,23.0,0,1,0,0,1,1,0,0,0,0,0,0,1,0,0,0,0,0,0,0,0,1,-0.3866707201133388,0,0,1,0,0,0,-0.48570932257304134
660,58.0,1,0,0,0,1,1,0,0,0,0,0,0,0,0,1,0,0,0,0,1,0,0,1.6323350375212924,0,0,1,0,0,0,2.0537597731923385
661,50.0,1,0,0,0,1,0,0,1,0,0,0,0,1,0,0,0,0,0,0,0,0,1,2.042579288947925,0,0,0,0,1,0,1.4733096941602515
662,40.0,0,0,1,0,1,1,0,0,0,0,0,0,1,0,0,0,0,0,0,1,0,0,-0.5029485386158568,0,0,1,0,0,0,0.7477470953701431
663,47.0,1,0,0,0,1,1,0,0,0,0,0,0,1,0,0,0,0,0,0,0,0,1,-0.13322534515222276,0,0,1,0,0,0,1.255640914523219
664,36.0,0,0,1,0,1,1,0,0,0,0,0,0,1,0,0,0,0,0,0,0,0,1,-0.4974960653257301,0,0,1,0,0,0,0.45752205585409966
665,20.0,0,0,1,0,1,0,1,0,0,0,0,0,1,0,0,0,0,0,0,0,0,1,-0.4888542575852486,0,0,1,0,0,0,-0.7033781022100739
666,32.0,0,1,0,0,1,0,0,1,0,0,0,0,1,0,0,0,0,0,0,0,0,1,0.8314778546749452,0,0,1,0,0,0,0.1672970163380563
667,25.0,0,1,0,0,1,1,0,0,0,0,0,0,1,0,0,0,0,0,0,0,0,1,-0.3866707201133388,0,0,1,0,0,0,-0.34059680281501964
668,29.41348177221811,0,0,1,0,1,1,0,0,0,0,0,0,1,0,0,0,0,0,0,0,0,1,-0.4918744606632361,0,0,1,0,0,0,-0.020371072378685157
669,43.0,0,0,1,0,1,1,0,0,0,0,0,0,1,0,0,0,0,0,0,0,0,1,-0.4863374216869257,0,0,1,0,0,0,0.9654158750071756
670,37.30334722222223,1,0,0,1,0,0,1,0,0,0,0,0,1,0,0,0,0,0,0,0,0,1,0.39858208016340624,0,0,0,1,0,0,0.5520880556222426
671,40.0,0,1,0,1,0,0,1,0,0,0,0,0,0,1,0,0,0,0,0,0,0,1,0.13683114673782454,0,0,0,1,0,0,0.7477470953701431
672,31.0,1,0,0,0,1,0,1,0,0,0,0,0,1,0,0,0,0,0,0,0,0,1,0.39858208016340624,0,0,1,0,0,0,0.09474075645904545
673,70.0,0,1,0,0,1,1,0,0,0,0,0,0,1,0,0,0,0,0,0,0,0,1,-0.43700743807979686,0,0,1,0,0,0,2.9244348917404683
674,31.0,0,1,0,0,1,1,0,0,0,0,0,0,1,0,0,0,0,0,0,0,0,1,-0.3866707201133388,0,0,1,0,0,0,0.09474075645904545
675,35.30413166502796,0,1,0,0,1,1,0,0,0,0,0,0,1,0,0,0,0,0,0,0,0,1,-0.6484216535389205,0,0,1,0,0,0,0.40703245210029376
676,18.0,0,0,1,0,1,1,0,0,0,0,0,0,1,0,0,0,0,0,0,0,0,1,-0.4918744606632361,0,0,1,0,0,0,-0.8484906219680955
677,24.5,0,0,1,0,1,1,0,0,0,0,0,0,1,0,0,0,0,0,0,0,0,1,-0.4863374216869257,0,0,1,0,0,0,-0.37687493275452505
678,18.0,0,0,1,1,0,1,0,0,0,0,0,0,1,0,0,0,0,0,0,0,0,1,-0.45026210265472455,0,1,0,0,0,0,-0.8484906219680955
679,43.0,0,0,1,1,0,0,1,0,0,0,0,0,0,0,0,0,0,0,1,0,0,1,0.2958951755118318,0,0,0,1,0,0,0.9654158750071756
680,36.0,1,0,0,0,1,1,0,0,0,0,0,0,0,1,0,0,0,0,0,1,0,0,9.667166525013505,0,0,1,0,0,0,0.45752205585409966
681,17.46811071428571,0,0,1,1,0,1,0,0,0,0,0,0,1,0,0,0,0,0,0,0,1,0,-0.48457563655809965,0,1,0,0,0,0,-0.887082519209243
682,27.0,1,0,0,0,1,1,0,0,0,0,0,0,1,0,0,0,0,0,0,1,0,0,0.8964967865378598,0,0,1,0,0,0,-0.19548428305699794
683,20.0,0,0,1,0,1,1,0,0,0,0,0,0,1,0,0,0,0,0,0,0,0,1,-0.4626791642426904,0,0,1,0,0,0,-0.7033781022100739
684,14.0,0,0,1,0,1,0,0,0,0,0,1,0,0,0,1,0,0,0,0,0,0,1,0.2958951755118318,0,0,1,0,0,0,-1.138715661484139
685,60.0,0,1,0,0,1,0,1,0,0,0,0,0,0,1,0,0,0,0,0,0,0,1,0.13683114673782454,0,0,1,0,0,0,2.19887229295036
686,25.0,0,1,0,0,1,0,1,0,0,0,0,0,0,0,1,0,0,0,0,1,0,0,0.18876253192945994,0,0,1,0,0,0,-0.34059680281501964
687,14.0,0,0,1,0,1,0,0,0,0,1,0,0,0,1,0,0,0,0,0,0,0,1,0.1506737441786005,0,0,1,0,0,0,-1.138715661484139
688,19.0,0,0,1,0,1,1,0,0,0,0,0,0,1,0,0,0,0,0,0,0,0,1,-0.44363577710162005,0,0,1,0,0,0,-0.7759343620890847
689,18.0,0,0,1,0,1,1,0,0,0,0,0,0,1,0,0,0,0,0,0,0,0,1,-0.49145565916975514,0,0,1,0,0,0,-0.8484906219680955
690,15.0,1,0,0,1,0,1,0,0,0,0,0,0,0,1,0,0,0,0,0,0,0,1,3.6067927997556075,0,1,0,0,0,0,-1.0661594016051281
691,31.0,1,0,0,0,1,0,1,0,0,0,0,0,1,0,0,0,0,0,0,0,0,1,0.49925551609632224,0,0,1,0,0,0,0.09474075645904545
692,4.0,0,0,1,1,0,1,0,0,0,0,0,0,0,1,0,0,0,0,0,1,0,0,-0.37828059596268965,0,1,0,0,0,0,-1.8642782602742474
693,29.300423088023052,0,0,1,0,1,1,0,0,0,0,0,0,1,0,0,0,0,0,0,0,0,1,0.48910360681684706,0,0,1,0,0,0,-0.028574187650720707
694,25.0,0,0,1,0,1,1,0,0,0,0,0,0,1,0,0,0,0,0,0,1,0,0,-0.5029485386158568,0,0,1,0,0,0,-0.34059680281501964
695,60.0,1,0,0,0,1,1,0,0,0,0,0,0,1,0,0,0,0,0,0,0,0,1,-0.11384570873513637,0,0,0,0,1,0,2.19887229295036
696,52.0,0,1,0,0,1,1,0,0,0,0,0,0,1,0,0,0,0,0,0,0,0,1,-0.3766033765200472,0,0,1,0,0,0,1.6184222139182731
697,44.0,0,0,1,0,1,1,0,0,0,0,0,0,1,0,0,0,0,0,0,0,0,1,-0.4863374216869257,0,0,1,0,0,0,1.0379721348861866
698,18.315276884920628,0,0,1,1,0,1,0,0,0,0,0,0,1,0,0,0,0,0,0,0,1,0,-0.49271407711891657,0,1,0,0,0,0,-0.8256153103719495
699,49.0,1,0,0,0,1,0,1,0,0,0,0,0,0,1,0,0,0,0,0,1,0,0,1.5841789061771412,0,0,1,0,0,0,1.4007534342812407
700,42.0,0,0,1,0,1,1,0,0,0,0,0,0,1,0,0,0,0,0,0,0,0,1,-0.494391296561559,0,0,1,0,0,0,0.8928596151281648
701,18.0,1,0,0,1,0,0,1,0,0,0,0,0,1,0,0,0,0,0,0,1,0,0,3.9327230485884233,0,0,0,1,0,0,-0.8484906219680955
702,35.0,1,0,0,0,1,1,0,0,0,0,0,0,1,0,0,0,0,0,0,0,0,1,-0.11913106412161445,0,0,1,0,0,0,0.38496579597508884
703,18.0,0,0,1,1,0,1,0,0,0,0,0,0,0,1,0,0,0,0,0,1,0,0,-0.3573908580066095,0,1,0,0,0,0,-0.8484906219680955
704,25.0,0,0,1,0,1,1,0,0,0,0,0,0,1,0,0,0,0,0,0,0,1,0,-0.4925449457465493,0,0,1,0,0,0,-0.34059680281501964
705,26.0,0,0,1,0,1,0,1,0,0,0,0,0,1,0,0,0,0,0,0,0,0,1,-0.4902797934380587,0,0,1,0,0,0,-0.26804054293600876
706,39.0,0,1,0,0,1,1,0,0,0,0,0,0,1,0,0,0,0,0,0,0,0,1,-0.12491978668775715,0,0,1,0,0,0,0.6751908354911322
707,45.0,0,1,0,1,0,1,0,0,0,0,0,0,1,0,0,0,0,0,0,0,0,1,-0.3766033765200472,0,0,0,1,0,0,1.1105283947651974
708,42.0,1,0,0,0,1,1,0,0,0,0,0,0,1,0,0,0,0,0,0,0,0,1,-0.11913106412161445,0,0,1,0,0,0,0.8928596151281648
709,22.0,1,0,0,1,0,1,0,0,0,0,0,0,1,0,0,0,0,0,0,0,0,1,2.4029901895877646,0,1,0,0,0,0,-0.5582655824520522
710,4.6547020833333494,0,0,1,0,1,0,1,0,0,0,0,0,0,1,0,0,0,0,0,1,0,0,-0.3414522396297103,1,0,0,0,0,0,-1.816775525772583
711,24.0,1,0,0,1,0,1,0,0,0,0,0,0,1,0,0,0,0,0,0,1,0,0,0.3483299278831318,0,1,0,0,0,0,-0.41315306269403046
712,50.174505973672396,1,0,0,0,1,1,0,0,0,0,0,0,1,0,0,0,0,0,0,0,0,1,-0.11384570873513637,0,0,1,0,0,0,1.4859711949364658
713,48.0,1,0,0,0,1,0,1,0,0,0,0,0,1,0,0,0,0,0,0,0,0,1,0.39858208016340624,0,0,1,0,0,0,1.3281971744022298
714,29.0,0,0,1,0,1,1,0,0,0,0,0,0,1,0,0,0,0,0,0,0,0,1,-0.457478374542396,0,0,1,0,0,0,-0.05037176329897624
715,52.0,0,1,0,0,1,1,0,0,0,0,0,0,1,0,0,0,0,0,0,0,0,1,-0.3866707201133388,0,0,1,0,0,0,1.6184222139182731
716,19.0,0,0,1,0,1,1,0,0,0,0,0,0,1,0,0,0,0,0,0,0,0,1,-0.494391296561559,0,0,1,0,0,0,-0.7759343620890847
717,38.0,1,0,0,1,0,1,0,0,0,0,0,0,1,0,0,0,0,0,0,1,0,0,3.9327230485884233,0,1,0,0,0,0,0.6026345756121214
718,27.0,0,1,0,1,0,1,0,0,0,0,0,0,1,0,0,0,0,0,0,0,0,1,-0.43700743807979686,0,1,0,0,0,0,-0.19548428305699794
719,38.35652710553334,0,0,1,0,1,1,0,0,0,0,0,0,1,0,0,0,0,0,0,0,1,0,-0.3363340021468808,0,0,1,0,0,0,0.6285028489351098
720,33.0,0,0,1,0,1,1,0,0,0,0,0,0,1,0,0,0,0,0,0,0,0,1,-0.4918744606632361,0,0,1,0,0,0,0.23985327621706715
721,6.0,0,1,0,1,0,1,0,0,0,0,0,0,0,1,0,0,0,0,0,0,0,1,0.016023023618325298,0,1,0,0,0,0,-1.7191657405162257
722,17.0,0,0,1,0,1,0,1,0,0,0,0,0,1,0,0,0,0,0,0,0,0,1,-0.5063875431873253,0,0,1,0,0,0,-0.9210468818471064
723,34.0,0,1,0,0,1,1,0,0,0,0,0,0,1,0,0,0,0,0,0,0,0,1,-0.3866707201133388,0,0,1,0,0,0,0.31240953609607797
724,50.0,0,1,0,0,1,1,0,0,0,0,0,0,1,0,0,0,0,0,0,0,0,1,-0.3866707201133388,0,0,1,0,0,0,1.4733096941602515
725,27.0,1,0,0,0,1,0,1,0,0,0,0,0,1,0,0,0,0,0,0,0,0,1,0.4207302360686478,0,0,1,0,0,0,-0.19548428305699794
726,20.0,0,0,1,0,1,1,0,0,0,0,0,0,1,0,0,0,0,0,0,0,0,1,-0.47400492578514347,0,0,1,0,0,0,-0.7033781022100739
727,30.0,0,1,0,1,0,0,0,0,1,0,0,0,1,0,0,0,0,0,0,0,0,1,-0.22559322262067316,0,0,0,1,0,0,0.022184496580034605
728,18.315276884920628,0,0,1,1,0,1,0,0,0,0,0,0,1,0,0,0,0,0,0,0,1,0,-0.4926295114327329,0,1,0,0,0,0,-0.8256153103719495
729,25.0,0,1,0,0,1,0,1,0,0,0,0,0,1,0,0,0,0,0,0,0,0,1,-0.12491978668775715,0,0,1,0,0,0,-0.34059680281501964
730,25.0,0,0,1,1,0,0,1,0,0,0,0,0,1,0,0,0,0,0,0,0,0,1,-0.4888542575852486,0,1,0,0,0,0,-0.34059680281501964
731,29.0,1,0,0,1,0,1,0,0,0,0,0,0,1,0,0,0,0,0,0,0,0,1,3.6067927997556075,0,1,0,0,0,0,-0.05037176329897624
732,11.0,0,0,1,0,1,1,0,0,0,0,0,0,1,0,0,0,0,0,0,1,0,0,-0.2701412180209885,0,0,1,0,0,0,-1.3563844411211714
733,35.30413166502796,0,1,0,0,1,1,0,0,0,0,0,0,1,0,0,0,0,0,0,0,0,1,-0.6484216535389205,0,0,1,0,0,0,0.40703245210029376
734,23.0,0,1,0,0,1,1,0,0,0,0,0,0,1,0,0,0,0,0,0,0,0,1,-0.3866707201133388,0,0,1,0,0,0,-0.48570932257304134
735,23.0,0,1,0,0,1,1,0,0,0,0,0,0,1,0,0,0,0,0,0,0,0,1,-0.3866707201133388,0,0,1,0,0,0,-0.48570932257304134
736,28.5,0,0,1,0,1,1,0,0,0,0,0,0,1,0,0,0,0,0,0,0,0,1,-0.32425318983493084,0,0,1,0,0,0,-0.08664989323848167
737,48.0,0,0,1,1,0,0,1,0,0,0,0,0,0,0,0,1,0,0,0,0,0,1,0.04370821849987721,0,0,0,1,0,0,1.3281971744022298
738,35.0,1,0,0,0,1,1,0,0,0,0,0,0,1,0,0,0,0,0,0,1,0,0,9.667166525013505,0,0,1,0,0,0,0.38496579597508884
739,27.262214953420493,0,0,1,0,1,1,0,0,0,0,0,0,1,0,0,0,0,0,0,0,0,1,-0.4894421904510968,0,0,1,0,0,0,-0.17645894675245793
740,27.262214953420493,0,0,1,0,1,1,0,0,0,0,0,0,1,0,0,0,0,0,0,0,0,1,-0.4894421904510968,0,0,1,0,0,0,-0.17645894675245793
741,52.48290552503052,1,0,0,0,1,1,0,0,0,0,0,0,1,0,0,0,0,0,0,0,0,1,-0.04438103794142432,0,0,1,0,0,0,1.6534600326893976
742,36.0,1,0,0,0,1,0,1,0,0,0,0,0,1,0,0,0,0,0,0,0,0,1,0.9391984311231651,0,0,1,0,0,0,0.45752205585409966
743,21.0,1,0,0,1,0,0,0,1,0,0,0,0,0,0,1,0,0,0,0,1,0,0,4.634416897040849,0,1,0,0,0,0,-0.630821842331063
744,24.0,0,0,1,0,1,0,1,0,0,0,0,0,1,0,0,0,0,0,0,0,0,1,-0.32425318983493084,0,0,1,0,0,0,-0.41315306269403046
745,31.0,0,0,1,0,1,1,0,0,0,0,0,0,1,0,0,0,0,0,0,0,0,1,-0.4888542575852486,0,0,1,0,0,0,0.09474075645904545
746,70.0,1,0,0,0,1,0,1,0,0,0,0,0,0,1,0,0,0,0,0,0,0,1,0.7811411367084872,0,0,0,0,1,0,2.9244348917404683
747,16.0,0,0,1,0,1,0,1,0,0,0,0,0,0,1,0,0,0,0,0,0,0,1,-0.24069423801061057,0,0,1,0,0,0,-0.9936031417261172
748,30.0,0,1,0,1,0,1,0,0,0,0,0,0,1,0,0,0,0,0,0,0,0,1,-0.3866707201133388,0,1,0,0,0,0,0.022184496580034605
749,19.0,1,0,0,0,1,0,1,0,0,0,0,0,1,0,0,0,0,0,0,0,0,1,0.4207302360686478,0,0,1,0,0,0,-0.7759343620890847
750,31.0,0,0,1,0,1,1,0,0,0,0,0,0,1,0,0,0,0,0,0,0,1,0,-0.49237782784290063,0,0,1,0,0,0,0.09474075645904545
751,4.0,0,1,0,1,0,0,1,0,0,0,0,0,0,1,0,0,0,0,0,0,0,1,-0.18532384824750675,0,1,0,0,0,0,-1.8642782602742474
752,6.0,0,0,1,0,1,1,0,0,0,0,0,0,0,1,0,0,0,0,0,0,0,1,-0.397241430886295,1,0,0,0,0,0,-1.7191657405162257
753,33.0,0,0,1,0,1,1,0,0,0,0,0,0,1,0,0,0,0,0,0,0,0,1,-0.45714212526638004,0,0,1,0,0,0,0.23985327621706715
754,23.0,0,0,1,0,1,1,0,0,0,0,0,0,1,0,0,0,0,0,0,0,0,1,-0.4894421904510968,0,0,1,0,0,0,-0.48570932257304134
755,48.0,0,1,0,1,0,0,1,0,0,0,0,0,0,0,1,0,0,0,0,0,0,1,0.6603330135889879,0,0,0,1,0,0,1.3281971744022298
756,0.67,0,1,0,0,1,0,1,0,0,0,0,0,0,1,0,0,0,0,0,0,0,1,-0.35646868933346404,1,0,0,0,0,0,-2.1058906056713536
757,28.0,0,0,1,0,1,1,0,0,0,0,0,0,1,0,0,0,0,0,0,0,0,1,-0.49145565916975514,0,0,1,0,0,0,-0.12292802317798708
758,18.0,0,1,0,0,1,1,0,0,0,0,0,0,1,0,0,0,0,0,0,0,0,1,-0.41687275089321363,0,0,1,0,0,0,-0.8484906219680955
759,34.0,0,0,1,0,1,1,0,0,0,0,0,0,1,0,0,0,0,0,0,0,0,1,-0.4863374216869257,0,0,1,0,0,0,0.31240953609607797
760,33.0,1,0,0,1,0,1,0,0,0,0,0,0,1,0,0,0,0,0,0,0,0,1,1.093228788100527,0,0,0,0,0,1,0.23985327621706715
761,23.955897123015873,0,0,1,0,1,1,0,0,0,0,0,0,1,0,0,0,0,0,0,0,0,1,-0.35646868933346404,0,0,1,0,0,0,-0.4163530024979028
762,41.0,0,0,1,0,1,1,0,0,0,0,0,0,1,0,0,0,0,0,0,0,0,1,-0.5049620073345151,0,0,1,0,0,0,0.8203033552491539
763,20.0,0,0,1,0,1,1,0,0,0,0,0,0,1,0,0,0,0,0,0,1,0,0,-0.5028639729296732,0,0,1,0,0,0,-0.7033781022100739
764,36.0,1,0,0,1,0,0,1,0,0,0,0,0,0,0,1,0,0,0,0,0,0,1,1.7677408088510642,0,0,0,1,0,0,0.45752205585409966
765,16.0,0,0,1,0,1,1,0,0,0,0,0,0,1,0,0,0,0,0,0,0,0,1,-0.4918744606632361,0,0,1,0,0,0,-0.9936031417261172
766,51.0,1,0,0,1,0,0,1,0,0,0,0,0,1,0,0,0,0,0,0,0,0,1,0.921244330558889,0,0,0,1,0,0,1.5458659540392623
767,49.45372738095238,1,0,0,0,1,1,0,0,0,0,0,0,1,0,0,0,0,0,0,1,0,0,0.1489119590497745,0,0,0,0,1,0,1.4336741960478445
768,30.5,0,0,1,1,0,1,0,0,0,0,0,0,1,0,0,0,0,0,0,0,1,0,-0.49237782784290063,0,1,0,0,0,0,0.058462626519540026
769,38.85144049839048,0,0,1,0,1,0,1,0,0,0,0,0,1,0,0,0,0,0,0,0,1,0,-0.1621689579829361,0,0,1,0,0,0,0.6644119136848556
770,32.0,0,0,1,0,1,1,0,0,0,0,0,0,1,0,0,0,0,0,0,0,0,1,-0.4800453319411184,0,0,1,0,0,0,0.1672970163380563
771,24.0,0,0,1,0,1,1,0,0,0,0,0,0,1,0,0,0,0,0,0,0,0,1,-0.45714212526638004,0,0,1,0,0,0,-0.41315306269403046
772,48.0,0,0,1,0,1,1,0,0,0,0,0,0,1,0,0,0,0,0,0,0,0,1,-0.4902797934380587,0,0,1,0,0,0,1.3281971744022298
773,57.0,0,1,0,1,0,1,0,0,0,0,0,0,1,0,0,0,0,0,0,0,0,1,-0.43700743807979686,0,0,0,1,0,0,1.9812035133133274
774,32.3798061750749,0,0,1,0,1,1,0,0,0,0,0,0,1,0,0,0,0,0,0,1,0,0,-0.5029485386158568,0,0,1,0,0,0,0.19485433188044363
775,54.0,0,1,0,1,0,0,1,0,0,0,0,0,0,0,0,1,0,0,0,0,0,1,-0.18532384824750675,0,0,0,1,0,0,1.763534733676295
776,18.0,0,0,1,0,1,1,0,0,0,0,0,0,1,0,0,0,0,0,0,0,0,1,-0.49237782784290063,0,0,1,0,0,0,-0.8484906219680955
777,44.723103061868606,0,0,1,0,1,1,0,0,0,0,0,0,1,0,0,0,0,0,0,0,1,0,-0.49237782784290063,0,0,1,0,0,0,1.0904377885624335
778,5.0,0,0,1,1,0,1,0,0,0,0,0,0,1,0,0,0,0,0,0,0,0,1,-0.397241430886295,0,1,0,0,0,0,-1.7917220003952365
779,26.832296355033847,0,0,1,0,1,1,0,0,0,0,0,0,1,0,0,0,0,0,0,0,1,0,-0.4926295114327329,0,0,1,0,0,0,-0.2076522323038195
780,43.0,1,0,0,1,0,1,0,0,0,0,0,0,0,1,0,0,0,0,0,0,0,1,3.6067927997556075,0,0,0,1,0,0,0.9654158750071756
781,13.0,0,0,1,1,0,1,0,0,0,0,0,0,1,0,0,0,0,0,0,1,0,0,-0.5028639729296732,0,1,0,0,0,0,-1.2112719213631498
782,17.0,1,0,0,1,0,0,1,0,0,0,0,0,1,0,0,0,0,0,0,0,0,1,0.49925551609632224,0,0,0,1,0,0,-0.9210468818471064
783,29.0,1,0,0,0,1,1,0,0,0,0,0,0,1,0,0,0,0,0,0,0,0,1,-0.04438103794142432,0,0,1,0,0,0,-0.05037176329897624
784,32.07604107142857,0,0,1,0,1,0,1,0,0,0,0,0,0,0,1,0,0,0,0,0,0,1,-0.17626323901354432,0,0,1,0,0,0,0.17281427207810604
785,25.0,0,0,1,0,1,1,0,0,0,0,0,0,1,0,0,0,0,0,0,0,0,1,-0.5064721088735089,0,0,1,0,0,0,-0.34059680281501964
786,25.0,0,0,1,0,1,1,0,0,0,0,0,0,1,0,0,0,0,0,0,0,0,1,-0.5024451714361923,0,0,1,0,0,0,-0.34059680281501964
787,18.0,0,0,1,1,0,1,0,0,0,0,0,0,1,0,0,0,0,0,0,0,0,1,-0.4974960653257301,0,1,0,0,0,0,-0.8484906219680955
788,8.0,0,0,1,0,1,0,0,0,0,1,0,0,0,1,0,0,0,0,0,0,1,0,-0.06199888922968463,1,0,0,0,0,0,-1.574053220758204
789,1.0,0,0,1,0,1,0,1,0,0,0,0,0,0,0,1,0,0,0,0,0,0,1,-0.23415046467497105,1,0,0,0,0,0,-2.08194703991128
790,46.0,1,0,0,0,1,1,0,0,0,0,0,0,1,0,0,0,0,0,0,1,0,0,0.9462455716384695,0,0,1,0,0,0,1.1830846546442082
791,44.723103061868606,0,0,1,0,1,1,0,0,0,0,0,0,1,0,0,0,0,0,0,0,1,0,-0.49237782784290063,0,0,1,0,0,0,1.0904377885624335
792,16.0,0,1,0,0,1,1,0,0,0,0,0,0,1,0,0,0,0,0,0,0,0,1,-0.12491978668775715,0,0,1,0,0,0,-0.9936031417261172
793,19.22000119047619,0,0,1,1,0,0,0,0,0,0,0,1,0,0,1,0,0,0,0,0,0,1,0.7519458402879414,0,1,0,0,0,0,-0.7599718985392026
794,48.15546666666667,1,0,0,0,1,1,0,0,0,0,0,0,1,0,0,0,0,0,0,1,0,0,-0.030371322596999754,0,0,1,0,0,0,1.3394772542714202
795,25.0,0,0,1,0,1,1,0,0,0,0,0,0,1,0,0,0,0,0,0,0,0,1,-0.4894421904510968,0,0,1,0,0,0,-0.34059680281501964
796,39.0,0,1,0,0,1,1,0,0,0,0,0,0,1,0,0,0,0,0,0,0,0,1,-0.3866707201133388,0,0,1,0,0,0,0.6751908354911322
797,49.0,1,0,0,1,0,1,0,0,0,0,0,0,1,0,0,0,0,0,0,0,0,1,-0.1263453225405672,0,0,0,0,1,0,1.4007534342812407
798,31.0,0,0,1,1,0,1,0,0,0,0,0,0,1,0,0,0,0,0,0,0,0,1,-0.4735861242916626,0,0,0,1,0,0,0.09474075645904545
799,30.0,0,0,1,0,1,1,0,0,0,0,0,0,1,0,0,0,0,0,0,1,0,0,-0.5028639729296732,0,0,1,0,0,0,0.022184496580034605
800,30.0,0,0,1,1,0,0,1,0,0,0,0,0,0,1,0,0,0,0,0,0,0,1,-0.1621689579829361,0,0,0,1,0,0,0.022184496580034605
801,34.0,0,1,0,0,1,1,0,0,0,0,0,0,1,0,0,0,0,0,0,0,0,1,-0.3866707201133388,0,0,1,0,0,0,0.31240953609607797
802,31.0,0,1,0,1,0,0,1,0,0,0,0,0,0,1,0,0,0,0,0,0,0,1,-0.11988611489111134,0,0,0,1,0,0,0.09474075645904545
803,11.0,1,0,0,0,1,0,1,0,0,0,0,0,0,0,1,0,0,0,0,0,0,1,1.7677408088510642,1,0,0,0,0,0,-1.3563844411211714
804,0.42,0,0,1,0,1,1,0,0,0,0,0,0,0,1,0,0,0,0,0,1,0,0,-0.47694056317694733,1,0,0,0,0,0,-2.124029670641106
805,27.0,0,0,1,0,1,1,0,0,0,0,0,0,1,0,0,0,0,0,0,0,0,1,-0.5079822104125026,0,0,1,0,0,0,-0.19548428305699794
806,31.0,0,0,1,0,1,1,0,0,0,0,0,0,1,0,0,0,0,0,0,0,0,1,-0.4918744606632361,0,0,1,0,0,0,0.09474075645904545
807,39.0,1,0,0,0,1,1,0,0,0,0,0,0,1,0,0,0,0,0,0,0,0,1,-0.6484216535389205,0,0,1,0,0,0,0.6751908354911322
808,18.0,0,0,1,1,0,1,0,0,0,0,0,0,1,0,0,0,0,0,0,0,0,1,-0.4918744606632361,0,1,0,0,0,0,-0.8484906219680955
809,39.0,0,1,0,0,1,1,0,0,0,0,0,0,1,0,0,0,0,0,0,0,0,1,-0.3866707201133388,0,0,1,0,0,0,0.6751908354911322
810,33.0,1,0,0,1,0,0,1,0,0,0,0,0,1,0,0,0,0,0,0,0,0,1,0.4207302360686478,0,0,0,1,0,0,0.23985327621706715
811,26.0,0,0,1,0,1,1,0,0,0,0,0,0,1,0,0,0,0,0,0,0,0,1,-0.4896093083547455,0,0,1,0,0,0,-0.26804054293600876
812,39.0,0,0,1,0,1,1,0,0,0,0,0,0,1,0,0,0,0,0,0,0,0,1,-0.1621689579829361,0,0,1,0,0,0,0.6751908354911322
813,35.0,0,1,0,0,1,1,0,0,0,0,0,0,1,0,0,0,0,0,0,0,0,1,-0.43700743807979686,0,0,1,0,0,0,0.38496579597508884
814,6.0,0,0,1,1,0,0,0,0,0,1,0,0,0,0,1,0,0,0,0,0,0,1,-0.01870931177853076,0,1,0,0,0,0,-1.7191657405162257
815,30.5,0,0,1,0,1,1,0,0,0,0,0,0,1,0,0,0,0,0,0,0,0,1,-0.4863374216869257,0,0,1,0,0,0,0.058462626519540026
816,39.1967382936508,1,0,0,0,1,1,0,0,0,0,0,0,1,0,0,0,0,0,0,0,0,1,-0.6484216535389205,0,0,1,0,0,0,0.689465430253413
817,23.0,0,0,1,1,0,1,0,0,0,0,0,0,1,0,0,0,0,0,0,0,0,1,-0.4888542575852486,0,1,0,0,0,0,-0.48570932257304134
818,31.0,0,1,0,0,1,0,1,0,0,0,0,0,0,1,0,0,0,0,0,1,0,0,0.09664633805084172,0,0,1,0,0,0,0.09474075645904545
819,43.0,0,0,1,0,1,1,0,0,0,0,0,0,1,0,0,0,0,0,0,0,0,1,-0.5185529211854588,0,0,1,0,0,0,0.9654158750071756
820,10.0,0,0,1,0,1,0,0,0,1,0,0,0,0,0,1,0,0,0,0,0,0,1,-0.08666388103324908,1,0,0,0,0,0,-1.4289407010001822
821,52.0,1,0,0,1,0,0,1,0,0,0,0,0,0,1,0,0,0,0,0,0,0,1,1.2341715984066093,0,0,0,1,0,0,1.6184222139182731
822,27.0,0,0,1,0,1,1,0,0,0,0,0,0,1,0,0,0,0,0,0,0,0,1,-0.47400492578514347,0,0,1,0,0,0,-0.19548428305699794
823,38.0,1,0,0,0,1,1,0,0,0,0,0,0,1,0,0,0,0,0,0,0,0,1,-0.6484216535389205,0,0,0,0,0,1,0.6026345756121214
824,27.0,0,0,1,1,0,1,0,0,0,0,0,0,0,1,0,0,0,0,0,0,0,1,-0.397241430886295,0,0,0,1,0,0,-0.19548428305699794
825,2.0,0,0,1,0,1,0,0,0,0,1,0,0,0,1,0,0,0,0,0,0,0,1,0.1506737441786005,1,0,0,0,0,0,-2.0093907800322692
826,23.797587707431457,0,0,1,0,1,1,0,0,0,0,0,0,1,0,0,0,0,0,0,0,1,0,-0.5084855775921673,0,0,1,0,0,0,-0.42783934159634
827,29.300423088023052,0,0,1,0,1,1,0,0,0,0,0,0,1,0,0,0,0,0,0,0,0,1,0.48910360681684706,0,0,1,0,0,0,-0.028574187650720707
828,1.0,0,1,0,0,1,1,0,0,0,0,0,0,0,0,1,0,0,0,0,1,0,0,0.09664633805084172,1,0,0,0,0,0,-2.08194703991128
829,44.723103061868606,0,0,1,0,1,1,0,0,0,0,0,0,1,0,0,0,0,0,0,0,1,0,-0.49237782784290063,0,0,1,0,0,0,1.0904377885624335
830,62.0,1,0,0,1,0,1,0,0,0,0,0,0,1,0,0,0,0,0,0,0,0,0,0.962353321387736,0,0,0,1,0,0,2.3439848127083813
831,15.0,0,0,1,1,0,0,1,0,0,0,0,0,1,0,0,0,0,0,0,1,0,0,-0.3573908580066095,0,0,0,1,0,0,-1.0661594016051281
832,0.83,0,1,0,0,1,0,1,0,0,0,0,0,0,1,0,0,0,0,0,0,0,1,-0.2708962687904854,1,0,0,0,0,0,-2.0942816040907117
833,24.825443107586917,0,0,1,0,1,1,0,0,0,0,0,0,1,0,0,0,0,0,0,1,0,0,-0.5028639729296732,0,0,1,0,0,0,-0.3532619980646158
834,23.0,0,0,1,0,1,1,0,0,0,0,0,0,1,0,0,0,0,0,0,0,0,1,-0.4902797934380587,0,0,1,0,0,0,-0.48570932257304134
835,18.0,0,0,1,0,1,1,0,0,0,0,0,0,1,0,0,0,0,0,0,0,0,1,-0.48130374989027985,0,0,1,0,0,0,-0.8484906219680955
836,39.0,1,0,0,1,0,0,1,0,0,0,0,0,0,1,0,0,0,0,0,1,0,0,1.0259447039291216,0,1,0,0,0,0,0.6751908354911322
837,21.0,0,0,1,0,1,1,0,0,0,0,0,0,1,0,0,0,0,0,0,0,0,1,-0.47400492578514347,0,0,1,0,0,0,-0.630821842331063
838,30.70572677927052,0,0,1,0,1,1,0,0,0,0,0,0,1,0,0,0,0,0,0,0,0,1,-0.4863374216869257,0,0,1,0,0,0,0.0733893921803638
839,32.0,0,0,1,0,1,1,0,0,0,0,0,0,1,0,0,0,0,0,0,0,0,1,0.48910360681684706,0,0,1,0,0,0,0.1672970163380563
840,48.408898484848486,1,0,0,0,1,1,0,0,0,0,0,0,1,0,0,0,0,0,0,1,0,0,-0.05042144409739929,0,0,1,0,0,0,1.3578653191330303
841,20.0,0,0,1,0,1,1,0,0,0,0,0,0,1,0,0,0,0,0,0,0,0,1,-0.4888542575852486,0,0,1,0,0,0,-0.7033781022100739
842,16.0,0,1,0,0,1,1,0,0,0,0,0,0,1,0,0,0,0,0,0,0,0,1,-0.43700743807979686,0,0,1,0,0,0,-0.9936031417261172
843,30.0,1,0,0,1,0,1,0,0,0,0,0,0,1,0,0,0,0,0,0,1,0,0,-0.024246350754841113,0,1,0,0,0,0,0.022184496580034605
844,34.5,0,0,1,0,1,1,0,0,0,0,0,0,1,0,0,0,0,0,0,1,0,0,-0.5188046047752911,0,0,1,0,0,0,0.34868766603558343
845,17.0,0,0,1,0,1,1,0,0,0,0,0,0,1,0,0,0,0,0,0,0,0,1,-0.47400492578514347,0,0,1,0,0,0,-0.9210468818471064
846,42.0,0,0,1,0,1,1,0,0,0,0,0,0,1,0,0,0,0,0,0,0,0,1,-0.49640476528021726,0,0,1,0,0,0,0.8928596151281648
847,24.951258333333335,0,0,1,0,1,0,0,0,0,0,0,1,0,0,1,0,0,0,0,0,0,1,0.7519458402879414,0,0,1,0,0,0,-0.3441333158486223
848,35.0,0,0,1,0,1,1,0,0,0,0,0,0,1,0,0,0,0,0,0,1,0,0,-0.4894421904510968,0,0,1,0,0,0,0.38496579597508884
849,28.0,0,1,0,0,1,1,0,0,0,0,0,0,0,1,0,0,0,0,0,0,0,1,0.016023023618325298,0,0,0,0,1,0,-0.12292802317798708
850,38.18873333333334,1,0,0,1,0,0,1,0,0,0,0,0,1,0,0,0,0,0,0,1,0,0,1.145663540471827,0,0,0,1,0,0,0.6163283603932871
851,4.0,0,0,1,0,1,0,0,0,0,1,0,0,0,0,1,0,0,0,0,0,0,1,-0.01870931177853076,1,0,0,0,0,0,-1.8642782602742474
852,74.0,0,0,1,0,1,1,0,0,0,0,0,0,1,0,0,0,0,0,0,0,0,1,-0.4918744606632361,0,0,1,0,0,0,3.2146599312565116
853,9.0,0,0,1,1,0,0,1,0,0,0,0,0,0,1,0,0,0,0,0,1,0,0,-0.3414522396297103,0,1,0,0,0,0,-1.5014969608791933
854,16.0,1,0,0,1,0,1,0,0,0,0,0,0,0,1,0,0,0,0,0,0,0,1,0.14488502161245778,0,1,0,0,0,0,-0.9936031417261172
855,44.0,0,1,0,1,0,0,1,0,0,0,0,0,1,0,0,0,0,0,0,0,0,1,-0.12491978668775715,0,0,0,1,0,0,1.0379721348861866
856,18.0,0,0,1,1,0,1,0,0,0,0,0,0,0,1,0,0,0,0,0,0,0,1,-0.4601623283443675,0,0,0,1,0,0,-0.8484906219680955
857,45.0,1,0,0,1,0,0,1,0,0,0,0,0,0,1,0,0,0,0,0,0,0,1,2.671117778445337,0,0,0,1,0,0,1.1105283947651974
858,51.0,1,0,0,0,1,1,0,0,0,0,0,0,1,0,0,0,0,0,0,0,0,1,-0.11384570873513637,0,0,1,0,0,0,1.5458659540392623
859,24.0,0,0,1,1,0,1,0,0,0,0,0,0,0,0,0,1,0,0,0,1,0,0,-0.26066180729354516,0,0,0,1,0,0,-0.41315306269403046
860,24.825443107586917,0,0,1,0,1,1,0,0,0,0,0,0,1,0,0,0,0,0,0,1,0,0,-0.5028639729296732,0,0,1,0,0,0,-0.3532619980646158
861,41.0,0,0,1,0,1,0,0,1,0,0,0,0,1,0,0,0,0,0,0,0,0,1,-0.36435544630444866,0,0,1,0,0,0,0.8203033552491539
862,21.0,0,1,0,0,1,0,1,0,0,0,0,0,1,0,0,0,0,0,0,0,0,1,-0.41687275089321363,0,0,1,0,0,0,-0.630821842331063
863,48.0,1,0,0,1,0,1,0,0,0,0,0,0,1,0,0,0,0,0,0,0,0,1,-0.1263453225405672,0,0,0,1,0,0,1.3281971744022298
864,19.22000119047619,0,0,1,1,0,0,0,0,0,0,0,1,0,0,1,0,0,0,0,0,0,1,0.7519458402879414,0,1,0,0,0,0,-0.7599718985392026
865,24.0,0,1,0,0,1,1,0,0,0,0,0,0,1,0,0,0,0,0,0,0,0,1,-0.3866707201133388,0,0,1,0,0,0,-0.41315306269403046
866,42.0,0,1,0,1,0,1,0,0,0,0,0,0,1,0,0,0,0,0,0,0,0,1,-0.3866707201133388,0,0,0,1,0,0,0.8928596151281648
867,27.0,0,1,0,1,0,0,1,0,0,0,0,0,1,0,0,0,0,0,0,1,0,0,-0.3693891181010945,0,1,0,0,0,0,-0.19548428305699794
868,31.0,1,0,0,0,1,1,0,0,0,0,0,0,1,0,0,0,0,0,0,0,0,1,0.3682954836973478,0,0,1,0,0,0,0.09474075645904545
869,25.977889156023696,0,0,1,0,1,1,0,0,0,0,0,0,1,0,0,0,0,0,0,0,0,1,-0.45714212526638004,0,0,1,0,0,0,-0.2696448230776977
870,4.0,0,0,1,0,1,0,1,0,0,0,0,0,0,1,0,0,0,0,0,0,0,1,-0.4242561406845337,1,0,0,0,0,0,-1.8642782602742474
871,26.0,0,0,1,0,1,1,0,0,0,0,0,0,1,0,0,0,0,0,0,0,0,1,-0.4894421904510968,0,0,1,0,0,0,-0.26804054293600876
872,47.0,1,0,0,1,0,0,1,0,0,0,0,0,0,1,0,0,0,0,0,0,0,1,0.40974072380221066,0,0,0,1,0,0,1.255640914523219
873,33.0,1,0,0,0,1,1,0,0,0,0,0,0,1,0,0,0,0,0,0,0,0,1,-0.5477482176060045,0,0,1,0,0,0,0.23985327621706715
874,47.0,0,0,1,0,1,1,0,0,0,0,0,0,1,0,0,0,0,0,0,0,0,1,-0.46720946885967163,0,0,1,0,0,0,1.255640914523219
875,28.0,0,1,0,1,0,0,1,0,0,0,0,0,1,0,0,0,0,0,0,1,0,0,-0.16518916106092355,0,0,0,1,0,0,-0.12292802317798708
876,15.0,0,0,1,1,0,1,0,0,0,0,0,0,1,0,0,0,0,0,0,1,0,0,-0.5029485386158568,0,1,0,0,0,0,-1.0661594016051281
877,20.0,0,0,1,0,1,1,0,0,0,0,0,0,1,0,0,0,0,0,0,0,0,1,-0.45017955043725955,0,0,1,0,0,0,-0.7033781022100739
878,19.0,0,0,1,0,1,1,0,0,0,0,0,0,1,0,0,0,0,0,0,0,0,1,-0.4894421904510968,0,0,1,0,0,0,-0.7759343620890847
879,27.262214953420493,0,0,1,0,1,1,0,0,0,0,0,0,1,0,0,0,0,0,0,0,0,1,-0.4894421904510968,0,0,1,0,0,0,-0.17645894675245793
880,56.0,1,0,0,1,0,1,0,0,0,0,0,0,0,1,0,0,0,0,0,1,0,0,1.0259447039291216,0,0,0,1,0,0,1.9086472534343166
881,25.0,0,1,0,1,0,1,0,0,0,0,0,0,0,1,0,0,0,0,0,0,0,1,-0.12491978668775715,0,0,0,1,0,0,-0.34059680281501964
882,33.0,0,0,1,0,1,1,0,0,0,0,0,0,1,0,0,0,0,0,0,0,0,1,-0.4894421904510968,0,0,1,0,0,0,0.23985327621706715
883,22.0,0,0,1,1,0,1,0,0,0,0,0,0,1,0,0,0,0,0,0,0,0,1,-0.4366711888037809,0,1,0,0,0,0,-0.5582655824520522
884,28.0,0,1,0,0,1,1,0,0,0,0,0,0,1,0,0,0,0,0,0,0,0,1,-0.43700743807979686,0,0,1,0,0,0,-0.12292802317798708
885,25.0,0,0,1,0,1,1,0,0,0,0,0,0,1,0,0,0,0,0,0,0,0,1,-0.5064721088735089,0,0,1,0,0,0,-0.34059680281501964
886,39.0,0,0,1,1,0,1,0,0,0,0,0,0,0,0,0,0,0,1,0,0,1,0,-0.06199888922968463,0,0,0,1,0,0,0.6751908354911322
887,27.0,0,1,0,0,1,1,0,0,0,0,0,0,1,0,0,0,0,0,0,0,0,1,-0.3866707201133388,0,0,0,0,1,0,-0.19548428305699794
888,19.0,1,0,0,1,0,1,0,0,0,0,0,0,1,0,0,0,0,0,0,0,0,1,-0.04438103794142432,0,1,0,0,0,0,-0.7759343620890847
889,6.0555572420634896,0,0,1,1,0,0,1,0,0,0,0,0,0,0,1,0,0,0,0,0,0,1,-0.17626323901354432,0,1,0,0,0,0,-1.7151347148229061
890,26.0,1,0,0,0,1,1,0,0,0,0,0,0,1,0,0,0,0,0,0,1,0,0,-0.04438103794142432,0,0,1,0,0,0,-0.26804054293600876
891,32.0,0,0,1,0,1,1,0,0,0,0,0,0,1,0,0,0,0,0,0,0,1,0,-0.49237782784290063,0,0,1,0,0,0,0.1672970163380563
